Name,Slug,Collection ID,Locale ID,Item ID,Archived,Draft,Created On,Updated On,Published On,Easy,Easy Key,Medium,Medium Key,Hard,Hard Key,Order
Circles,circles,66b7d57438401814fa1e2aa6,6683ff9ee7b6a46f898ebe86,66b7d5e5f5f5d1125a066f1b,false,false,Sat Aug 10 2024 21:04:37 GMT+0000 (Coordinated Universal Time),Mon Aug 12 2024 00:46:19 GMT+0000 (Coordinated Universal Time),Mon Aug 12 2024 00:58:49 GMT+0000 (Coordinated Universal Time),https://uploads-ssl.webflow.com/6683ff9ee7b6a46f898ebe87/66b7d5e038401814fa1e9163_EASY%20circles%20WKSHT.pdf,https://uploads-ssl.webflow.com/6683ff9ee7b6a46f898ebe87/66b7d5de2e3e75a374b3fb19_EASY%20circles%20KEY.pdf,https://uploads-ssl.webflow.com/6683ff9ee7b6a46f898ebe87/66b7d8f528b4fd5acc6e07a9_MEDIUM%20circles%20WKSHT.pdf,https://uploads-ssl.webflow.com/6683ff9ee7b6a46f898ebe87/66b7d8f16d82f6e83939ced7_MEDIUM%20circles%20KEY.pdf,https://uploads-ssl.webflow.com/6683ff9ee7b6a46f898ebe87/66b7d7608b19345bbdf8d34d_HARD%20circles%20WKSHT.pdf,https://uploads-ssl.webflow.com/6683ff9ee7b6a46f898ebe87/66b7d75de94ee4710895d3df_HARD%20circles%20KEY.pdf,12
Equivalent Expressions,equivalent-expressions,66b7d57438401814fa1e2aa6,6683ff9ee7b6a46f898ebe86,66b7d5fee94ee471089426c9,false,false,Sat Aug 10 2024 21:05:02 GMT+0000 (Coordinated Universal Time),Mon Aug 12 2024 00:56:24 GMT+0000 (Coordinated Universal Time),Mon Aug 12 2024 00:58:49 GMT+0000 (Coordinated Universal Time),https://uploads-ssl.webflow.com/6683ff9ee7b6a46f898ebe87/66b7d5f0e94ee47108941a99_EASY%20equivalent%20expressions%20WKSHT.pdf,https://uploads-ssl.webflow.com/6683ff9ee7b6a46f898ebe87/66b7d5ee2c6bdb1167901af0_EASY%20equivalent%20expressions%20KEY.pdf,https://uploads-ssl.webflow.com/6683ff9ee7b6a46f898ebe87/66b7d9036d82f6e8393a01e5_MEDIUM%20equivalent%20expressions%20WKSHT.pdf,https://uploads-ssl.webflow.com/6683ff9ee7b6a46f898ebe87/66b7d902e63e989b8d5523dc_MEDIUM%20equivalent%20expressions%20KEY.pdf,https://uploads-ssl.webflow.com/6683ff9ee7b6a46f898ebe87/66b7d782b2ceab6a1cd5e73a_HARD%20equivalent%20expressions%20WKSHT.pdf,https://uploads-ssl.webflow.com/6683ff9ee7b6a46f898ebe87/66b7d7812e3e75a374b598d2_HARD%20equivalent%20expressions%20KEY.pdf,9
Geometry and 3D Figures,geometry-and-3d-figures,66b7d57438401814fa1e2aa6,6683ff9ee7b6a46f898ebe86,66b7d60e28b4fd5acc6a3393,false,false,Sat Aug 10 2024 21:05:18 GMT+0000 (Coordinated Universal Time),Mon Aug 12 2024 00:44:11 GMT+0000 (Coordinated Universal Time),Mon Aug 12 2024 00:58:49 GMT+0000 (Coordinated Universal Time),https://uploads-ssl.webflow.com/6683ff9ee7b6a46f898ebe87/66b7d6076c669c1df9441620_EASY%20geometry%20%26%203D%20WKSHT.pdf,https://uploads-ssl.webflow.com/6683ff9ee7b6a46f898ebe87/66b7d604127af36fcb68d4d5_EASY%20geometry%20%26%203D%20KEY.pdf,https://uploads-ssl.webflow.com/6683ff9ee7b6a46f898ebe87/66b7d91042a15fc71de135cb_MEDIUM%20geometry%20%26%203D%20WKSHT.pdf,https://uploads-ssl.webflow.com/6683ff9ee7b6a46f898ebe87/66b7d90e300d381ca5f6c77b_MEDIUM%20geometry%20%26%203D%20KEY.pdf,https://uploads-ssl.webflow.com/6683ff9ee7b6a46f898ebe87/66b7d7b6e63e989b8d53df7f_HARD%20geometry%20%26%203D%20WKSHT.pdf,https://uploads-ssl.webflow.com/6683ff9ee7b6a46f898ebe87/66b7d7b419975564a402db38_HARD%20geometry%20%26%203D%20KEY.pdf,10
"Linear Functions, Equations, and Inequalities",linear-functions-equations-and-inequalities,66b7d57438401814fa1e2aa6,6683ff9ee7b6a46f898ebe86,66b7d6544024fd093e892be4,false,false,Sat Aug 10 2024 21:06:28 GMT+0000 (Coordinated Universal Time),Mon Aug 12 2024 00:31:04 GMT+0000 (Coordinated Universal Time),Mon Aug 12 2024 00:58:49 GMT+0000 (Coordinated Universal Time),https://uploads-ssl.webflow.com/6683ff9ee7b6a46f898ebe87/66b7d6406c669c1df94447a0_EASY%20linear%20func%2C%20eq%2C%20%26%20ineq%20WKSHT.pdf,https://uploads-ssl.webflow.com/6683ff9ee7b6a46f898ebe87/66b7d63a19975564a40155fd_EASY%20linear%20func%2C%20eq%2C%20%26%20ineq%20KEY.pdf,https://uploads-ssl.webflow.com/6683ff9ee7b6a46f898ebe87/66b7d91ba72952153b577c6c_MEDIUM%20linear%20func%2C%20eq%2C%20%26%20ineq%20WKSHT.pdf,https://uploads-ssl.webflow.com/6683ff9ee7b6a46f898ebe87/66b7d9199333b31a06825715_MEDIUM%20linear%20func%2C%20eq%2C%20%26%20ineq%20KEY.pdf,https://uploads-ssl.webflow.com/6683ff9ee7b6a46f898ebe87/66b7d7d4e63e989b8d53fe82_HARD%20linear%20func%2C%20eq%2C%20%26%20ineq%20WKSHT.pdf,https://uploads-ssl.webflow.com/6683ff9ee7b6a46f898ebe87/66b7d7ca754fe5eef20daa8e_HARD%20linear%20func%2C%20eq%2C%20%26%20ineq%20KEY.pdf,1
"Nonlinear Equations, Inequalities, and Systems",nonlinear-equations-inequalities-and-systems,66b7d57438401814fa1e2aa6,6683ff9ee7b6a46f898ebe86,66b7d6b08b19345bbdf6940f,false,false,Sat Aug 10 2024 21:08:00 GMT+0000 (Coordinated Universal Time),Mon Aug 12 2024 00:33:03 GMT+0000 (Coordinated Universal Time),Mon Aug 12 2024 00:58:49 GMT+0000 (Coordinated Universal Time),https://uploads-ssl.webflow.com/6683ff9ee7b6a46f898ebe87/66b7d68bf5f5d1125a0726ae_EASY%20nonlinear%20eq%2C%20ineq%2C%20%26%20systems%20WKSHT.pdf,https://uploads-ssl.webflow.com/6683ff9ee7b6a46f898ebe87/66b7d68a2c6bdb1167909df5_EASY%20nonlinear%20eq%2C%20ineq%2C%20%26%20systems%20KEY.pdf,https://uploads-ssl.webflow.com/6683ff9ee7b6a46f898ebe87/66b7d93d6c669c1df9470559_MEDIUM%20nonlinear%20eq%2C%20ineq%2C%20%26%20systems%20WKSHT.pdf,https://uploads-ssl.webflow.com/6683ff9ee7b6a46f898ebe87/66b7d939ae40a0a4efda88aa_MEDIUM%20nonlinear%20eq%2C%20ineq%2C%20%26%20systems%20KEY.pdf,https://uploads-ssl.webflow.com/6683ff9ee7b6a46f898ebe87/66b7d814b2ceab6a1cd6c045_HARD%20nonlinear%20eq%2C%20ineq%2C%20%26%20systems%20WKSHT.pdf,,4
Nonlinear Functions,nonlinear-functions,66b7d57438401814fa1e2aa6,6683ff9ee7b6a46f898ebe86,66b7d6cb6d82f6e839376d02,false,false,Sat Aug 10 2024 21:08:27 GMT+0000 (Coordinated Universal Time),Mon Aug 12 2024 00:33:01 GMT+0000 (Coordinated Universal Time),Mon Aug 12 2024 00:58:49 GMT+0000 (Coordinated Universal Time),https://uploads-ssl.webflow.com/6683ff9ee7b6a46f898ebe87/66b7d6bcb2ceab6a1cd50ce0_EASY%20nonlinear%20func.%20WKSHT.pdf,https://uploads-ssl.webflow.com/6683ff9ee7b6a46f898ebe87/66b7d6ba2e3e75a374b4e0db_EASY%20nonlinear%20func.%20KEY.pdf,https://uploads-ssl.webflow.com/6683ff9ee7b6a46f898ebe87/66b7d94e300d381ca5f70d74_MEDIUM%20nonlinear%20func.%20WKSHT.pdf,https://uploads-ssl.webflow.com/6683ff9ee7b6a46f898ebe87/66b7d94cae40a0a4efda9606_MEDIUM%20nonlinear%20func.%20KEY.pdf,https://uploads-ssl.webflow.com/6683ff9ee7b6a46f898ebe87/66b7d82838401814fa20c620_HARD%20nonlinear%20func.%20WKSHT.pdf,https://uploads-ssl.webflow.com/6683ff9ee7b6a46f898ebe87/66b7d7e119975564a40302d6_HARD%20nonlinear%20func.%20KEY.pdf,3
Percentages,percentages,66b7d57438401814fa1e2aa6,6683ff9ee7b6a46f898ebe86,66b7d6df8b19345bbdf6bf37,false,false,Sat Aug 10 2024 21:08:47 GMT+0000 (Coordinated Universal Time),Mon Aug 12 2024 00:34:05 GMT+0000 (Coordinated Universal Time),Mon Aug 12 2024 00:58:49 GMT+0000 (Coordinated Universal Time),https://uploads-ssl.webflow.com/6683ff9ee7b6a46f898ebe87/66b7d6dd9333b31a068037c6_EASY%20percentages%20WKSHT.pdf,https://uploads-ssl.webflow.com/6683ff9ee7b6a46f898ebe87/66b7d6db2e3e75a374b4fb69_EASY%20percentages%20KEY.pdf,https://uploads-ssl.webflow.com/6683ff9ee7b6a46f898ebe87/66b7d95d4024fd093e8d07e1_MEDIUM%20percentages%20WKSHT.pdf,https://uploads-ssl.webflow.com/6683ff9ee7b6a46f898ebe87/66b7d95ac7b00995e1ed7fce_MEDIUM%20percentages%20KEY.pdf,https://uploads-ssl.webflow.com/6683ff9ee7b6a46f898ebe87/66b7d83d19975564a4035ad3_HARD%20percentages%20WKSHT.pdf,https://uploads-ssl.webflow.com/6683ff9ee7b6a46f898ebe87/66b7d837c7b00995e1ec542f_HARD%20percentages%20KEY.pdf,5
Probability,probability,66b7d57438401814fa1e2aa6,6683ff9ee7b6a46f898ebe86,66b7d6f12c6bdb116790f8c8,false,false,Sat Aug 10 2024 21:09:05 GMT+0000 (Coordinated Universal Time),Mon Aug 12 2024 00:35:07 GMT+0000 (Coordinated Universal Time),Mon Aug 12 2024 00:58:49 GMT+0000 (Coordinated Universal Time),https://uploads-ssl.webflow.com/6683ff9ee7b6a46f898ebe87/66b7d6e92c6bdb116790efe3_EASY%20probability%20WKSHT.pdf,https://uploads-ssl.webflow.com/6683ff9ee7b6a46f898ebe87/66b7d6e7843af2b0d8d30c67_EASY%20probability%20KEY.pdf,https://uploads-ssl.webflow.com/6683ff9ee7b6a46f898ebe87/66b7d972300d381ca5f7464d_MEDIUM%20probability%20WKSHT.pdf,https://uploads-ssl.webflow.com/6683ff9ee7b6a46f898ebe87/66b7d970ae40a0a4efdab6e2_MEDIUM%20probability%20KEY.pdf,https://uploads-ssl.webflow.com/6683ff9ee7b6a46f898ebe87/66b7d84fc7b00995e1ec691a_HARD%20probability%20WKSHT.pdf,https://uploads-ssl.webflow.com/6683ff9ee7b6a46f898ebe87/66b7d84b4024fd093e8bc03b_HARD%20probability%20KEY.pdf,6
Right Triangle Trigonometry,right-triangle-trigonometry,66b7d57438401814fa1e2aa6,6683ff9ee7b6a46f898ebe86,66b7d70519975564a4020ebc,false,false,Sat Aug 10 2024 21:09:25 GMT+0000 (Coordinated Universal Time),Mon Aug 12 2024 00:44:43 GMT+0000 (Coordinated Universal Time),Mon Aug 12 2024 00:58:49 GMT+0000 (Coordinated Universal Time),https://uploads-ssl.webflow.com/6683ff9ee7b6a46f898ebe87/66b7d6f9f5f5d1125a07dec4_EASY%20right%20triangle%20trig%20WKSHT.pdf,https://uploads-ssl.webflow.com/6683ff9ee7b6a46f898ebe87/66b7d6f74024fd093e89deb6_EASY%20right%20triangle%20trig%20KEY.pdf,https://uploads-ssl.webflow.com/6683ff9ee7b6a46f898ebe87/66b7d98302fecdf8d069d176_MEDIUM%20right%20traingle%20trig%20WKSHT.pdf,https://uploads-ssl.webflow.com/6683ff9ee7b6a46f898ebe87/66b7d981b2ceab6a1cd82795_MEDIUM%20right%20traingle%20trig%20KEY.pdf,https://uploads-ssl.webflow.com/6683ff9ee7b6a46f898ebe87/66b7d85db2ceab6a1cd6fd80_HARD%20right%20triangle%20trig%20WKSHT.pdf,https://uploads-ssl.webflow.com/6683ff9ee7b6a46f898ebe87/66b7d85ae94ee47108970714_HARD%20right%20triangle%20trig%20KEY.pdf,11
Statistics and Scatterplots,statistics-and-scatterplots,66b7d57438401814fa1e2aa6,6683ff9ee7b6a46f898ebe86,66b7d71b2e3e75a374b535ee,false,false,Sat Aug 10 2024 21:09:47 GMT+0000 (Coordinated Universal Time),Mon Aug 12 2024 00:35:50 GMT+0000 (Coordinated Universal Time),Mon Aug 12 2024 00:58:49 GMT+0000 (Coordinated Universal Time),https://uploads-ssl.webflow.com/6683ff9ee7b6a46f898ebe87/66b7d71228b4fd5acc6b8358_EASY%20stats%20and%20scatterplots%20WKSHT.pdf,https://uploads-ssl.webflow.com/6683ff9ee7b6a46f898ebe87/66b7d70f4024fd093e89fc7f_EASY%20stats%20and%20scatterplots%20KEY.pdf,https://uploads-ssl.webflow.com/6683ff9ee7b6a46f898ebe87/66b7d98e754fe5eef210bac3_MEDIUM%20stats%20and%20scatterplots%20WKSHT.pdf,https://uploads-ssl.webflow.com/6683ff9ee7b6a46f898ebe87/66b7d98ce94ee47108980e4a_MEDIUM%20stats%20and%20scatterplots%20KEY.pdf,https://uploads-ssl.webflow.com/6683ff9ee7b6a46f898ebe87/66b7d8717f26e842263c7508_HARD%20stats%20and%20scatterplots%20WKSHT.pdf,https://uploads-ssl.webflow.com/6683ff9ee7b6a46f898ebe87/66b7d86fae40a0a4efd9d0c5_HARD%20stats%20and%20scatterplots%20KEY.pdf,7
Systems of Equations,systems-of-equations,66b7d57438401814fa1e2aa6,6683ff9ee7b6a46f898ebe86,66b7d72e28b4fd5acc6b9dd9,false,false,Sat Aug 10 2024 21:10:06 GMT+0000 (Coordinated Universal Time),Mon Aug 12 2024 00:31:23 GMT+0000 (Coordinated Universal Time),Mon Aug 12 2024 00:58:49 GMT+0000 (Coordinated Universal Time),https://uploads-ssl.webflow.com/6683ff9ee7b6a46f898ebe87/66b7d727843af2b0d8d36062_EASY%20systems%20of%20eq.%20WKSHT.pdf,https://uploads-ssl.webflow.com/6683ff9ee7b6a46f898ebe87/66b7d72538401814fa1fbaa3_EASY%20systems%20of%20eq.%20KEY.pdf,https://uploads-ssl.webflow.com/6683ff9ee7b6a46f898ebe87/66b7d9986d82f6e8393a8be3_MEDIUM%20systems%20of%20eq.%20WKSHT.pdf,https://uploads-ssl.webflow.com/6683ff9ee7b6a46f898ebe87/66b7d99742a15fc71de1b089_MEDIUM%20systems%20of%20eq.%20KEY.pdf,https://uploads-ssl.webflow.com/6683ff9ee7b6a46f898ebe87/66b7d8bf300d381ca5f67b88_HARD%20systems%20of%20eq.%20WKSHT.pdf,https://uploads-ssl.webflow.com/6683ff9ee7b6a46f898ebe87/66b7d8bdc7b00995e1ecdd1a_HARD%20systems%20of%20eq.%20KEY.pdf,2
"Unit Conversions, Ratios, Rates, and Proportions",unit-conversions-ratios-rates-and-proportions,66b7d57438401814fa1e2aa6,6683ff9ee7b6a46f898ebe86,66b7d75728b4fd5acc6bd64b,false,false,Sat Aug 10 2024 21:10:47 GMT+0000 (Coordinated Universal Time),Mon Aug 12 2024 00:38:21 GMT+0000 (Coordinated Universal Time),Mon Aug 12 2024 00:58:49 GMT+0000 (Coordinated Universal Time),https://uploads-ssl.webflow.com/6683ff9ee7b6a46f898ebe87/66b7d737754fe5eef20cf6cf_EASY%20unit%20con%2C%20ratios%2C%20rates%2C%20proportions%20WKSHT.pdf,https://uploads-ssl.webflow.com/6683ff9ee7b6a46f898ebe87/66b7d735c7b00995e1eb67af_EASY%20unit%20con%2C%20ratios%2C%20rates%2C%20proportions%20KEY.pdf,https://uploads-ssl.webflow.com/6683ff9ee7b6a46f898ebe87/66b7d9a22e3e75a374b7aeac_MEDIUM%20unit%20con%2C%20ratios%2C%20rates%2C%20proportion%20WKSHT.pdf,https://uploads-ssl.webflow.com/6683ff9ee7b6a46f898ebe87/66b7d9a1280d72dcd2db98f3_MEDIUM%20unit%20con%2C%20ratios%2C%20rates%2C%20proportion%20KEY.pdf,https://uploads-ssl.webflow.com/6683ff9ee7b6a46f898ebe87/66b7d8dde94ee471089785d5_HARD%20unit%20con%2C%20ratios%2C%20rates%2C%20proportions%20WKSHT.pdf,https://uploads-ssl.webflow.com/6683ff9ee7b6a46f898ebe87/66b7d8da843af2b0d8d51ae0_HARD%20unit%20con%2C%20ratios%2C%20rates%2C%20proportions%20KEY.pdf,8
