Topic Name,Slug,Collection ID,Locale ID,Item ID,Archived,Draft,Created On,Updated On,Published On,Order,Subtopics,Lesson,Image,Number Subtopics,Main Area,Video,Practice Problems Sheet,Answer Key Sheet,svg
Optimizing Desmos - Your Greatest Tool,optimizing-desmos---your-greatest-tool,66a8d92543c8200d9c2a1885,6683ff9ee7b6a46f898ebe86,66a8e463668c34e06da51ebb,false,false,Tue Jul 30 2024 13:02:27 GMT+0000 (Coordinated Universal Time),Mon Aug 12 2024 04:56:53 GMT+0000 (Coordinated Universal Time),Mon Aug 12 2024 04:56:53 GMT+0000 (Coordinated Universal Time),2,,"<h4 id="""">[fs-toc-h2]Optimizing Desmos</h4><p id="""">‍</p><p id="""">On the new SAT, the college board has blessed students with the seemingly all-powerful Desmos, yet such few people actually take advantage of it.</p><p id="""">‍</p><p id="""">Though, using Desmos for every question possible may not be the best choice either. There are many questions in which you can use Desmos, but probably shouldn't due to time restraints.</p><p id="""">‍</p><p id="""">Instead of organizing this page by starting with the easiest units, we’ve decided to organize it by starting with the most important (saves you a considerable amount of time and effort) and ending with the least important (questions that may be quicker and easier by hand). Firstly though, we’ll go over the bare basics of regression, an alternate strategy from using traditional graphing.</p><p id="""">‍</p><p id="""">‍</p><h4 id="""">[fs-toc-h2]Basics of Regression</h4><p id="""">‍</p><p id="""">If you’ve ever taken a stats class you’ve probably either used regression or at least became familiar with it. Regression is used to predict a function (line of best fit) based on given data. This is usually used to make predictions of the future based on a particular data set.</p><p id="""">‍</p><p id="""">While there won't be any questions that ask you to do that, you can use regression to ‘predict’ the solution to any equation. For example, let's look at the equation \(\frac{33}{x} = \frac{15}{3}\).</p><p id="""">‍</p><p id="""">In this case, when the equation is graphed you are met with a line in which you can't select any coordinates. To get around this we can use regression.</p><p id="""">‍</p><p id="""">To solve any equation using regression, switch the equal sign to the regression operator (\(\sim\)), and the unknown to any variable that is not \(x\) or \(y\). Using \(x_1\) or \(y_1\) is usually the best choice in order not to get mixed up with variables.</p><p id="""">‍</p><div data-rt-embed-type='true'><iframe src='https://www.desmos.com/calculator/jcofetl4ty' width='100%' height='400'></iframe></div><p id="""">‍</p><p id="""">You can ignore the statistics and residuals labels, all we’re worried about are the parameters, which gives us the correct solution: \(x=6.6\).</p><p id="""">‍</p><p id="""">This can be done no matter the type of the equation (as long as there is one unknown). It can be rational, exponential, quadratic, or linear. Try finding a solution to the equation below using regression.</p><p id="""">‍</p><p id="""">\[x^3 + 2x^2 + 2 = 18\]</p><p id="""">‍</p><p id="""">Again, all you have to do is change \(x\) to \(x_1\) and the equal sign to the regression operator.</p><p id="""">‍</p><div data-rt-embed-type='true'><iframe src='https://www.desmos.com/calculator/8ekgccitva' width='100%' height='400'></iframe></div><p id="""">‍</p><p id="""">\(x\) is equal to 2.</p><p id="""">‍</p><p id="""">Below, we’ll review how to solve multiple equations graphically, but also introduce you on how to use regression in that specific unit.</p><p id="""">‍</p><p id="""">Note that there are near endless ways to use this feature, so we’ve only included it in units in which regression can actually save you time and effort and truly help you. In many units, while using regression is possible, it's usually completely unnecessary and difficult.</p><p id="""">‍</p><p id="""">‍</p><h4 id="""">[fs-toc-h2]Systems of Equations</h4><p id="""">‍</p><h5 id="""">[fs-toc-h3]Solving Systems</h5><p id="""">‍</p><p id="""">Graphing is usually the preferred (and quicker) method of solving systems of the SAT. We’ve gone over this before, but we can quickly review. Take a look at the question below.</p><p id="""">‍</p><p id="""">\[3x + 2y = 16\]</p><p id="""">\[5x - y = 18\]</p><p id="""">‍</p><p id=""""><em id="""">The solution to the system of equations above is \((x, y)\). What is the value of \(x\)?</em></p><p id="""">‍</p><p id="""">To solve by graphing, plot both lines and identify the intersection point.</p><p id="""">‍</p><div data-rt-embed-type='true'><iframe src='https://www.desmos.com/calculator/dpinroskwa' width='100%' height='400'></iframe></div><p id="""">‍</p><p id="""">The intersection happens at (4, 2), meaning the \(x\) value is 4.</p><p id="""">‍</p><p id="""">Systems can also be solved by regression. While graphing may be your best option in most cases, regression can help in a few others. The biggest reason you might want to use regression is if your solution set contains relatively large numbers. If the solution set to an equation is (5500, 10000) you’ll have to do some digging and zooming out on the graph just to find an answer, while solving using a regression will give you an answer immediately. Take a look at the example below.</p><p id="""">‍</p><p id="""">\[2y + 3x = 26,000\]</p><p id="""">\[7y + x = 34,000\]</p><p id="""">‍</p><p id=""""><em id="""">What is the \((x, y)\) solution to the system of equations above?</em></p><p id="""">‍</p><p id="""">In order to solve a system using regression, put the left side of both equations in a bracket on one side of the regression, and the right side on another (using \(x_1\) and \(y_1\), recall that using \(x\) and \(y\) will not give you a solution). Refer to the calculator below.</p><p id="""">‍</p><div data-rt-embed-type='true'><iframe src='https://www.desmos.com/calculator/jqyzsjj7no' width='100%' height='400'></iframe></div><p id="""">‍</p><p id="""">This gives us a solution of (6000, 4000).</p><p id="""">‍</p><p id="""">Whether you use regression or graphing is completely up to you, as any system can be solved via both. Just always make sure that all coefficients and constants are entered correctly.</p><p id="""">‍</p><h5 id="""">[fs-toc-h3]Number of Solutions</h5><p id="""">‍</p><p id="""">If a problem asks you to identify how many solutions a system has, by far the easiest way is to graph the equations and simply look at them. For example, find the number of solutions to the system below:</p><p id="""">‍</p><p id="""">\[14x + 7y = 15\]</p><p id="""">\[y = -2x + 4\]</p><p id="""">‍</p><div data-rt-embed-type='true'><iframe src='https://www.desmos.com/calculator/vhupxkjzdj' width='100%' height='400'></iframe></div><p id="""">‍</p><p id="""">The lines never intersect, meaning this system has no solutions.</p><p id="""">‍</p><p id="""">In other cases, the test may ask you to find a constant in which a system has no solution. Refer to the example below.</p><p id="""">‍</p><p id="""">\[18x - 2y = 14\]</p><p id="""">\[27x + ty = 23\]</p><p id="""">‍</p><p id=""""><em id="""">In the system above, \(t\) is a constant. For what value of \(t\) will there be no solution to the system of equations?</em></p><p id="""">‍</p><p id="""">When both equations are graphed you’ll be met with a slider in which you can manipulate the value of \(t\). This means you can move this slider until you find a value of \(t\) in which both lines do not intersect. However, we highly advise against this, especially in grid-in problems. The problem with this method is you’re going completely off how the graph ‘looks’. While two lines may appear to be parallel, it's very possible that they aren't.</p><p id="""">‍</p><p id="""">This issue becomes especially apparent when the answer to this type of problem is not an integer, making it nearly impossible to solve using the slider.</p><p id="""">‍</p><p id="""">The best way to use this feature is to instead initially solve mathematically, then plug in your answer for \(t\). If you are correct, both lines should be truly parallel.</p><p id="""">‍</p><p id="""">‍</p><h4 id="""">[fs-toc-h2]Quadratics</h4><p id="""">‍</p><h5 id="""">[fs-toc-h3]Solving Quadratics and Min &amp; Max</h5><p id="""">‍</p><p id="""">The solution to any quadratic equation (that equals zero) is where its line intersects the \(x\)-axis. Take a look at the equations below.</p><p id="""">‍</p><div data-rt-embed-type='true'><iframe src='https://www.desmos.com/calculator/lcwlp3ecbh' width='100%' height='400'></iframe></div><p id="""">‍</p><p id="""">Desmos highlights three points on the parabola: The two \(x\)-intercepts and the vertex. In this case, the two intercepts are -4 and 1, meaning those are the solutions, and the vertex is at (-1.5, -18.75), meaning that is our minimum.</p><p id="""">‍</p><p id="""">Is using regression an option in this case? Well….. kinda. The issue with using regression to solve a quadratic is that you'll only be given one solution for each unknown, while many quadratics will have two. There is a way to get around this but it requires you to write multiple different functions which only increases the room for error. In this case, simply stick to graphing.</p><p id="""">‍</p><h5 id="""">[fs-toc-h3]Number of Solutions</h5><p id="""">‍</p><p id="""">One of the most common questions asked with respect to this unit is the “number of solutions” question. Mathematically it’s solved using the discriminant, but can be easily done by simply graphing the equation. Remember that the solutions to any quadratic equation are where its graph crosses the \(x\)-axis. So, the number of times a quadratic equation graph crosses the \(x\)-axis is the number of solutions it has. Take a look at the example below.</p><p id="""">‍</p><div data-rt-embed-type='true'><iframe src='https://www.desmos.com/calculator/dhdghbsoj0' width='100%' height='400'></iframe></div><p id="""">‍</p><p id="""">The graph of the quadratic only touches the \(x\)-axis once, meaning that there is one solution. Some questions may ask you to manipulate a constant like the example below.</p><p id="""">‍</p><p id="""">\[x^2 + bx + 8\]</p><p id="""">‍</p><p id=""""><em id="""">In the given equation, \(b\) is a constant. For which of the following values of \(b\) will the equation have one real solution?</em></p><p id=""""><em id="""">‍</em></p><p id=""""><em id="""">A) 8 </em></p><p id=""""><em id="""">B) 0</em></p><p id=""""><em id="""">C) 6</em></p><p id=""""><em id="""">D) -8</em></p><p id="""">‍</p><p id="""">When inputting an equation involving a constant into Desmos, an option to insert a slider will appear. You can then use the slider to change the value of \(b\). To solve this question, change the slider to each value given in the answer choices until the graph touches the \(x\)-axis once.</p><p id="""">‍</p><div data-rt-embed-type='true'><iframe src='https://www.desmos.com/calculator/tl7h8rnvfx' width='100%' height='400'></iframe></div><p id="""">‍</p><p id="""">Scrolling to 6, you'll see that the graph only touches the \(x\)-axis once, <strong id="""">making C</strong> the correct choice.</p><p id="""">‍</p><p id="""">The only issue with this method arises in the case of student response questions. While in some cases using a slider works, in others it might be incredibly inefficient. If the answer to a discriminant question is a non-integer, you'll end up having to mess with the step and range of the slider. By the time you’ve found the right settings, you probably would have already been able to answer the question using the discriminant.</p><p id="""">‍</p><p id="""">While this is an incredibly powerful tool to have, it is not a replacement for understanding the mathematical concept itself.</p><p id="""">‍</p><h5 id="""">[fs-toc-h3]Quadratic regression</h5><p id="""">‍</p><p id="""">These types of questions are pretty rare, but regression can help you if something like this shows up </p><p id="""">‍</p><div data-rt-embed-type='true'><?xml version=""1.0"" encoding=""UTF-8""?>
<svg id=""Layer_1"" xmlns=""http://www.w3.org/2000/svg"" viewBox=""0 0 462.32 486.54"">
  <defs>
    <style>
      .cls-1 {
        fill: none;
      }

      .cls-2 {
        fill: currentColor;
      }

      .cls-3 {
        fill: currentColor;
      }

      .cls-4 {
        fill: currentColor;
      }
    </style>
  </defs>
  <g>
    <path class=""cls-3"" d=""M35.49,62.05v13.03h2.3v-13.03h-2.3ZM35.49,88.12v13.03h2.3v-13.03h-2.3ZM35.49,114.19v13.03h2.3v-13.03h-2.3ZM35.49,140.26v13.04h2.3v-13.04h-2.3ZM35.49,166.33v13.04h2.3v-13.04h-2.3ZM35.49,192.4v13.04h2.3v-13.04h-2.3ZM35.49,218.47v13.04h2.3v-13.04h-2.3ZM35.49,244.55v13.03h2.3v-13.03h-2.3ZM35.49,270.62v13.03h2.3v-13.03h-2.3ZM35.49,296.69v13.03h2.3v-13.03h-2.3ZM35.49,322.76v13.04h2.3v-13.04h-2.3ZM35.49,348.83v13.04h2.3v-13.04h-2.3ZM35.49,374.9v13.04h2.3v-13.04h-2.3ZM35.49,400.97v13.04h2.3v-13.04h-2.3ZM35.49,427.05v13.03h2.3v-13.03h-2.3Z""/>
    <path class=""cls-3"" d=""M0,81.55v2.3h.3v-2.3h-.3ZM13.33,81.55v2.3h13.04v-2.3h-13.04ZM39.4,81.55v2.3h13.04v-2.3h-13.04ZM65.48,81.55v2.3h13.03v-2.3h-13.03ZM91.55,81.55v2.3h13.03v-2.3h-13.03ZM117.62,81.55v2.3h13.03v-2.3h-13.03ZM143.69,81.55v2.3h13.04v-2.3h-13.04ZM169.76,81.55v2.3h13.04v-2.3h-13.04ZM195.83,81.55v2.3h13.04v-2.3h-13.04ZM221.9,81.55v2.3h13.04v-2.3h-13.04ZM247.98,81.55v2.3h13.03v-2.3h-13.03ZM274.05,81.55v2.3h13.03v-2.3h-13.03ZM300.12,81.55v2.3h13.03v-2.3h-13.03ZM326.19,81.55v2.3h13.04v-2.3h-13.04ZM352.26,81.55v2.3h13.04v-2.3h-13.04ZM378.33,81.55v2.3h13.04v-2.3h-13.04ZM404.4,81.55v2.3h13.04v-2.3h-13.04Z""/>
    <path class=""cls-3"" d=""M0,114.67v2.3h.3v-2.3h-.3ZM13.33,114.67v2.3h13.04v-2.3h-13.04ZM39.4,114.67v2.3h13.04v-2.3h-13.04ZM65.48,114.67v2.3h13.03v-2.3h-13.03ZM91.55,114.67v2.3h13.03v-2.3h-13.03ZM117.62,114.67v2.3h13.03v-2.3h-13.03ZM143.69,114.67v2.3h13.04v-2.3h-13.04ZM169.76,114.67v2.3h13.04v-2.3h-13.04ZM195.83,114.67v2.3h13.04v-2.3h-13.04ZM221.9,114.67v2.3h13.04v-2.3h-13.04ZM247.98,114.67v2.3h13.03v-2.3h-13.03ZM274.05,114.67v2.3h13.03v-2.3h-13.03ZM300.12,114.67v2.3h13.03v-2.3h-13.03ZM326.19,114.67v2.3h13.04v-2.3h-13.04ZM352.26,114.67v2.3h13.04v-2.3h-13.04ZM378.33,114.67v2.3h13.04v-2.3h-13.04ZM404.4,114.67v2.3h13.04v-2.3h-13.04Z""/>
    <path class=""cls-3"" d=""M0,151.19v2.3h.3v-2.3h-.3ZM13.33,151.19v2.3h13.04v-2.3h-13.04ZM39.4,151.19v2.3h13.04v-2.3h-13.04ZM65.48,151.19v2.3h13.03v-2.3h-13.03ZM91.55,151.19v2.3h13.03v-2.3h-13.03ZM117.62,151.19v2.3h13.03v-2.3h-13.03ZM143.69,151.19v2.3h13.04v-2.3h-13.04ZM169.76,151.19v2.3h13.04v-2.3h-13.04ZM195.83,151.19v2.3h13.04v-2.3h-13.04ZM221.9,151.19v2.3h13.04v-2.3h-13.04ZM247.98,151.19v2.3h13.03v-2.3h-13.03ZM274.05,151.19v2.3h13.03v-2.3h-13.03ZM300.12,151.19v2.3h13.03v-2.3h-13.03ZM326.19,151.19v2.3h13.04v-2.3h-13.04ZM352.26,151.19v2.3h13.04v-2.3h-13.04ZM378.33,151.19v2.3h13.04v-2.3h-13.04ZM404.4,151.19v2.3h13.04v-2.3h-13.04Z""/>
    <path class=""cls-3"" d=""M0,187.7v2.3h.3v-2.3h-.3ZM13.33,187.7v2.3h13.04v-2.3h-13.04ZM39.4,187.7v2.3h13.04v-2.3h-13.04ZM65.48,187.7v2.3h13.03v-2.3h-13.03ZM91.55,187.7v2.3h13.03v-2.3h-13.03ZM117.62,187.7v2.3h13.03v-2.3h-13.03ZM143.69,187.7v2.3h13.04v-2.3h-13.04ZM169.76,187.7v2.3h13.04v-2.3h-13.04ZM195.83,187.7v2.3h13.04v-2.3h-13.04ZM221.9,187.7v2.3h13.04v-2.3h-13.04ZM247.98,187.7v2.3h13.03v-2.3h-13.03ZM274.05,187.7v2.3h13.03v-2.3h-13.03ZM300.12,187.7v2.3h13.03v-2.3h-13.03ZM326.19,187.7v2.3h13.04v-2.3h-13.04ZM352.26,187.7v2.3h13.04v-2.3h-13.04ZM378.33,187.7v2.3h13.04v-2.3h-13.04ZM404.4,187.7v2.3h13.04v-2.3h-13.04Z""/>
    <path class=""cls-3"" d=""M0,224.22v2.3h.3v-2.3h-.3ZM13.33,224.22v2.3h13.04v-2.3h-13.04ZM39.4,224.22v2.3h13.04v-2.3h-13.04ZM65.48,224.22v2.3h13.03v-2.3h-13.03ZM91.55,224.22v2.3h13.03v-2.3h-13.03ZM117.62,224.22v2.3h13.03v-2.3h-13.03ZM143.69,224.22v2.3h13.04v-2.3h-13.04ZM169.76,224.22v2.3h13.04v-2.3h-13.04ZM195.83,224.22v2.3h13.04v-2.3h-13.04ZM221.9,224.22v2.3h13.04v-2.3h-13.04ZM247.98,224.22v2.3h13.03v-2.3h-13.03ZM274.05,224.22v2.3h13.03v-2.3h-13.03ZM300.12,224.22v2.3h13.03v-2.3h-13.03ZM326.19,224.22v2.3h13.04v-2.3h-13.04ZM352.26,224.22v2.3h13.04v-2.3h-13.04ZM378.33,224.22v2.3h13.04v-2.3h-13.04ZM404.4,224.22v2.3h13.04v-2.3h-13.04Z""/>
    <path class=""cls-3"" d=""M0,257.97v2.3h.3v-2.3h-.3ZM13.33,257.97v2.3h13.04v-2.3h-13.04ZM39.4,257.97v2.3h13.04v-2.3h-13.04ZM65.48,257.97v2.3h13.03v-2.3h-13.03ZM91.55,257.97v2.3h13.03v-2.3h-13.03ZM117.62,257.97v2.3h13.03v-2.3h-13.03ZM143.69,257.97v2.3h13.04v-2.3h-13.04ZM169.76,257.97v2.3h13.04v-2.3h-13.04ZM195.83,257.97v2.3h13.04v-2.3h-13.04ZM221.9,257.97v2.3h13.04v-2.3h-13.04ZM247.98,257.97v2.3h13.03v-2.3h-13.03ZM274.05,257.97v2.3h13.03v-2.3h-13.03ZM300.12,257.97v2.3h13.03v-2.3h-13.03ZM326.19,257.97v2.3h13.04v-2.3h-13.04ZM352.26,257.97v2.3h13.04v-2.3h-13.04ZM378.33,257.97v2.3h13.04v-2.3h-13.04ZM404.4,257.97v2.3h13.04v-2.3h-13.04Z""/>
    <path class=""cls-3"" d=""M0,293.81v2.3h.3v-2.3h-.3ZM13.33,293.81v2.3h13.04v-2.3h-13.04ZM39.4,293.81v2.3h13.04v-2.3h-13.04ZM65.48,293.81v2.3h13.03v-2.3h-13.03ZM91.55,293.81v2.3h13.03v-2.3h-13.03ZM117.62,293.81v2.3h13.03v-2.3h-13.03ZM143.69,293.81v2.3h13.04v-2.3h-13.04ZM169.76,293.81v2.3h13.04v-2.3h-13.04ZM195.83,293.81v2.3h13.04v-2.3h-13.04ZM221.9,293.81v2.3h13.04v-2.3h-13.04ZM247.98,293.81v2.3h13.03v-2.3h-13.03ZM274.05,293.81v2.3h13.03v-2.3h-13.03ZM300.12,293.81v2.3h13.03v-2.3h-13.03ZM326.19,293.81v2.3h13.04v-2.3h-13.04ZM352.26,293.81v2.3h13.04v-2.3h-13.04ZM378.33,293.81v2.3h13.04v-2.3h-13.04ZM404.4,293.81v2.3h13.04v-2.3h-13.04Z""/>
    <path class=""cls-3"" d=""M0,329.66v2.3h.3v-2.3h-.3ZM13.33,329.66v2.3h13.04v-2.3h-13.04ZM39.4,329.66v2.3h13.04v-2.3h-13.04ZM65.48,329.66v2.3h13.03v-2.3h-13.03ZM91.55,329.66v2.3h13.03v-2.3h-13.03ZM117.62,329.66v2.3h13.03v-2.3h-13.03ZM143.69,329.66v2.3h13.04v-2.3h-13.04ZM169.76,329.66v2.3h13.04v-2.3h-13.04ZM195.83,329.66v2.3h13.04v-2.3h-13.04ZM221.9,329.66v2.3h13.04v-2.3h-13.04ZM247.98,329.66v2.3h13.03v-2.3h-13.03ZM274.05,329.66v2.3h13.03v-2.3h-13.03ZM300.12,329.66v2.3h13.03v-2.3h-13.03ZM326.19,329.66v2.3h13.04v-2.3h-13.04ZM352.26,329.66v2.3h13.04v-2.3h-13.04ZM378.33,329.66v2.3h13.04v-2.3h-13.04ZM404.4,329.66v2.3h13.04v-2.3h-13.04Z""/>
    <path class=""cls-3"" d=""M0,365.5v2.3h.3v-2.3h-.3ZM13.33,365.5v2.3h13.04v-2.3h-13.04ZM39.4,365.5v2.3h13.04v-2.3h-13.04ZM65.48,365.5v2.3h13.03v-2.3h-13.03ZM91.55,365.5v2.3h13.03v-2.3h-13.03ZM117.62,365.5v2.3h13.03v-2.3h-13.03ZM143.69,365.5v2.3h13.04v-2.3h-13.04ZM169.76,365.5v2.3h13.04v-2.3h-13.04ZM195.83,365.5v2.3h13.04v-2.3h-13.04ZM221.9,365.5v2.3h13.04v-2.3h-13.04ZM247.98,365.5v2.3h13.03v-2.3h-13.03ZM274.05,365.5v2.3h13.03v-2.3h-13.03ZM300.12,365.5v2.3h13.03v-2.3h-13.03ZM326.19,365.5v2.3h13.04v-2.3h-13.04ZM352.26,365.5v2.3h13.04v-2.3h-13.04ZM378.33,365.5v2.3h13.04v-2.3h-13.04ZM404.4,365.5v2.3h13.04v-2.3h-13.04Z""/>
    <path class=""cls-3"" d=""M0,402.67v2.3h.3v-2.3h-.3ZM13.33,402.67v2.3h13.04v-2.3h-13.04ZM39.4,402.67v2.3h13.04v-2.3h-13.04ZM65.48,402.67v2.3h13.03v-2.3h-13.03ZM91.55,402.67v2.3h13.03v-2.3h-13.03ZM117.62,402.67v2.3h13.03v-2.3h-13.03ZM143.69,402.67v2.3h13.04v-2.3h-13.04ZM169.76,402.67v2.3h13.04v-2.3h-13.04ZM200.04,402.67v2.3h8.83v-2.3h-8.83ZM221.9,402.67v2.3h13.04v-2.3h-13.04ZM247.98,402.67v2.3h13.03v-2.3h-13.03ZM274.05,402.67v2.3h13.03v-2.3h-13.03ZM300.12,402.67v2.3h13.03v-2.3h-13.03ZM326.19,402.67v2.3h13.04v-2.3h-13.04ZM352.26,402.67v2.3h13.04v-2.3h-13.04ZM378.33,402.67v2.3h13.04v-2.3h-13.04ZM404.4,402.67v2.3h13.04v-2.3h-13.04Z""/>
    <path class=""cls-3"" d=""M71.62,62.05v13.03h2.3v-13.03h-2.3ZM71.62,88.12v13.03h2.3v-13.03h-2.3ZM71.62,114.19v13.03h2.3v-13.03h-2.3ZM71.62,140.26v13.04h2.3v-13.04h-2.3ZM71.62,166.33v13.04h2.3v-13.04h-2.3ZM71.62,192.4v13.04h2.3v-13.04h-2.3ZM71.62,218.47v13.04h2.3v-13.04h-2.3ZM71.62,244.55v13.03h2.3v-13.03h-2.3ZM71.62,270.62v13.03h2.3v-13.03h-2.3ZM71.62,296.69v13.03h2.3v-13.03h-2.3ZM71.62,322.76v13.04h2.3v-13.04h-2.3ZM71.62,348.83v13.04h2.3v-13.04h-2.3ZM71.62,374.9v13.04h2.3v-13.04h-2.3ZM71.62,400.97v13.04h2.3v-13.04h-2.3ZM71.62,427.05v13.03h2.3v-13.03h-2.3Z""/>
    <path class=""cls-3"" d=""M107.16,62.05v13.03h2.3v-13.03h-2.3ZM107.16,88.12v13.03h2.3v-13.03h-2.3ZM107.16,114.19v13.03h2.3v-13.03h-2.3ZM107.16,140.26v13.04h2.3v-13.04h-2.3ZM107.16,166.33v13.04h2.3v-13.04h-2.3ZM107.16,192.4v13.04h2.3v-13.04h-2.3ZM107.16,218.47v13.04h2.3v-13.04h-2.3ZM107.16,244.55v13.03h2.3v-13.03h-2.3ZM107.16,270.62v13.03h2.3v-13.03h-2.3ZM107.16,296.69v13.03h2.3v-13.03h-2.3ZM107.16,322.76v13.04h2.3v-13.04h-2.3ZM107.16,348.83v13.04h2.3v-13.04h-2.3ZM107.16,374.9v13.04h2.3v-13.04h-2.3ZM107.16,400.97v13.04h2.3v-13.04h-2.3ZM107.16,427.05v13.03h2.3v-13.03h-2.3Z""/>
    <path class=""cls-3"" d=""M146.18,62.05v13.03h2.3v-13.03h-2.3ZM146.18,88.12v13.03h2.3v-13.03h-2.3ZM146.18,114.19v13.03h2.3v-13.03h-2.3ZM146.18,140.26v13.04h2.3v-13.04h-2.3ZM146.18,166.33v13.04h2.3v-13.04h-2.3ZM146.18,192.4v13.04h2.3v-13.04h-2.3ZM146.18,218.47v13.04h2.3v-13.04h-2.3ZM146.18,244.55v13.03h2.3v-13.03h-2.3ZM146.18,270.62v13.03h2.3v-13.03h-2.3ZM146.18,296.69v13.03h2.3v-13.03h-2.3ZM146.18,322.76v13.04h2.3v-13.04h-2.3ZM146.18,348.83v13.04h2.3v-13.04h-2.3ZM146.18,374.9v13.04h2.3v-13.04h-2.3ZM146.18,400.97v13.04h2.3v-13.04h-2.3ZM146.18,427.05v13.03h2.3v-13.03h-2.3Z""/>
    <path class=""cls-3"" d=""M180.39,62.05v13.03h2.3v-13.03h-2.3ZM180.39,88.12v13.03h2.3v-13.03h-2.3ZM180.39,114.19v13.03h2.3v-13.03h-2.3ZM180.39,140.26v13.04h2.3v-13.04h-2.3ZM180.39,166.33v13.04h2.3v-13.04h-2.3ZM180.39,192.4v13.04h2.3v-13.04h-2.3ZM180.39,218.47v13.04h2.3v-13.04h-2.3ZM180.39,244.55v13.03h2.3v-13.03h-2.3ZM180.39,270.62v13.03h2.3v-13.03h-2.3ZM180.39,296.69v13.03h2.3v-13.03h-2.3ZM180.39,322.76v13.04h2.3v-13.04h-2.3ZM180.39,348.83v13.04h2.3v-13.04h-2.3ZM180.39,374.9v13.04h2.3v-13.04h-2.3ZM180.39,400.97v13.04h1.27v-6.53l1.03-.06v-6.45h-2.3ZM180.39,427.05v13.03h2.3v-13.03h-2.3Z""/>
    <path class=""cls-3"" d=""M253.16,62.05v13.03h2.3v-13.03h-2.3ZM253.16,88.12v13.03h2.3v-13.03h-2.3ZM253.16,114.19v13.03h2.3v-13.03h-2.3ZM253.16,140.26v13.04h2.3v-13.04h-2.3ZM253.16,166.33v13.04h2.3v-13.04h-2.3ZM253.16,192.4v13.04h2.3v-13.04h-2.3ZM253.16,218.47v13.04h2.3v-13.04h-2.3ZM253.16,244.55v13.03h2.3v-13.03h-2.3ZM253.16,270.62v13.03h2.3v-13.03h-2.3ZM253.16,296.69v13.03h2.3v-13.03h-2.3ZM253.16,322.76v13.04h2.3v-13.04h-2.3ZM253.16,348.83v13.04h2.3v-13.04h-2.3ZM253.16,374.9v13.04h2.3v-13.04h-2.3ZM253.16,400.97v13.04h2.3v-13.04h-2.3ZM253.16,427.05v13.03h2.3v-13.03h-2.3Z""/>
    <path class=""cls-3"" d=""M285.92,62.05v13.03h2.31v-13.03h-2.31ZM285.92,88.12v13.03h2.31v-13.03h-2.31ZM285.92,114.19v13.03h2.31v-13.03h-2.31ZM285.92,140.26v13.04h2.31v-13.04h-2.31ZM285.92,166.33v13.04h2.31v-13.04h-2.31ZM285.92,192.4v13.04h2.31v-13.04h-2.31ZM285.92,218.47v13.04h2.31v-13.04h-2.31ZM285.92,244.55v13.03h2.31v-13.03h-2.31ZM285.92,270.62v13.03h2.31v-13.03h-2.31ZM285.92,296.69v13.03h2.31v-13.03h-2.31ZM285.92,322.76v13.04h2.31v-13.04h-2.31ZM285.92,348.83v13.04h2.31v-13.04h-2.31ZM285.92,374.9v13.04h2.31v-13.04h-2.31ZM285.92,400.97v13.04h2.31v-13.04h-2.31ZM285.92,427.05v13.03h2.31v-13.03h-2.31Z""/>
    <path class=""cls-3"" d=""M324.51,62.05v13.03h2.3v-13.03h-2.3ZM324.51,88.12v13.03h2.3v-13.03h-2.3ZM324.51,114.19v13.03h2.3v-13.03h-2.3ZM324.51,140.26v13.04h2.3v-13.04h-2.3ZM324.51,166.33v13.04h2.3v-13.04h-2.3ZM324.51,192.4v13.04h2.3v-13.04h-2.3ZM324.51,218.47v13.04h2.3v-13.04h-2.3ZM324.51,244.55v13.03h2.3v-13.03h-2.3ZM324.51,270.62v13.03h2.3v-13.03h-2.3ZM324.51,296.69v13.03h2.3v-13.03h-2.3ZM324.51,322.76v13.04h2.3v-13.04h-2.3ZM324.51,348.83v13.04h2.3v-13.04h-2.3ZM324.51,374.9v13.04h2.3v-13.04h-2.3ZM324.51,400.97v13.04h2.3v-13.04h-2.3ZM324.51,427.05v13.03h2.3v-13.03h-2.3Z""/>
    <path class=""cls-3"" d=""M360.13,62.05v13.03h2.3v-13.03h-2.3ZM360.13,88.12v13.03h2.3v-13.03h-2.3ZM360.13,114.19v13.03h2.3v-13.03h-2.3ZM360.13,140.26v13.04h2.3v-13.04h-2.3ZM360.13,166.33v13.04h2.3v-13.04h-2.3ZM360.13,192.4v13.04h2.3v-13.04h-2.3ZM360.13,218.47v13.04h2.3v-13.04h-2.3ZM360.13,244.55v13.03h2.3v-13.03h-2.3ZM360.13,270.62v13.03h2.3v-13.03h-2.3ZM360.13,296.69v13.03h2.3v-13.03h-2.3ZM360.13,322.76v13.04h2.3v-13.04h-2.3ZM360.13,348.83v13.04h2.3v-13.04h-2.3ZM360.13,374.9v13.04h2.3v-13.04h-2.3ZM360.13,400.97v13.04h2.3v-13.04h-2.3ZM360.13,427.05v13.03h2.3v-13.03h-2.3Z""/>
    <path class=""cls-3"" d=""M395.68,62.05v13.03h2.3v-13.03h-2.3ZM395.68,88.12v13.03h2.3v-13.03h-2.3ZM395.68,114.19v13.03h2.3v-13.03h-2.3ZM395.68,140.26v13.04h2.3v-13.04h-2.3ZM395.68,166.33v13.04h2.3v-13.04h-2.3ZM395.68,192.4v13.04h2.3v-13.04h-2.3ZM395.68,218.47v13.04h2.3v-13.04h-2.3ZM395.68,244.55v13.03h2.3v-13.03h-2.3ZM395.68,270.62v13.03h2.3v-13.03h-2.3ZM395.68,296.69v13.03h2.3v-13.03h-2.3ZM395.68,322.76v13.04h2.3v-13.04h-2.3ZM395.68,348.83v13.04h2.3v-13.04h-2.3ZM395.68,374.9v13.04h2.3v-13.04h-2.3ZM395.68,400.97v13.04h2.3v-13.04h-2.3ZM395.68,427.05v13.03h2.3v-13.03h-2.3Z""/>
  </g>
  <path class=""cls-2"" d=""M363.18,79.42c-.11.71-.23,1.42-.34,2.13-.12.77-.25,1.54-.37,2.3-.23,1.43-.46,2.85-.69,4.27-.55,3.38-1.1,6.74-1.65,10.06-.92,5.57-1.84,11.07-2.76,16.49-.13.77-.26,1.54-.4,2.3-6.79,39.77-13.67,75.57-20.61,107.25-.17.77-.34,1.54-.51,2.3-2.42,10.98-4.85,21.47-7.29,31.45-.18.77-.37,1.54-.56,2.3-.86,3.52-1.73,6.96-2.59,10.35-.3,1.16-.6,2.31-.9,3.46-5.47,21.09-10.96,39.64-16.47,55.58-.27.78-.54,1.54-.8,2.3-.22.63-.44,1.25-.66,1.86-6.1,17.15-12.2,31.17-18.35,42.13-.76,1.38-1.54,2.7-2.31,3.98-8.18,13.56-16.45,21.71-24.91,24.6-.47.17-.95.32-1.42.44-1.37.38-2.75.62-4.13.71-.5.04-1.01.06-1.51.06h-.27c-.17,0-.35,0-.52-.02-1.6-.06-3.2-.31-4.79-.75-.13-.03-.26-.07-.39-.11-9.15-2.71-18.2-11.63-27.13-26.71-.64-1.07-1.27-2.17-1.91-3.3-.64-1.15-1.28-2.34-1.92-3.55-5.63-10.65-11.21-23.77-16.74-39.34-.27-.76-.54-1.53-.81-2.3-5.66-16.19-11.25-34.95-16.78-56.26-.24-.92-.48-1.85-.72-2.78-.87-3.39-1.74-6.84-2.6-10.35-.19-.76-.38-1.53-.56-2.3-1.3-5.32-2.6-10.78-3.89-16.38-1.16-5.03-2.29-10.06-3.39-15.07-.16-.77-.33-1.54-.5-2.3-8.81-40.56-15.61-79.85-19.99-107.25-.12-.78-.24-1.54-.36-2.3-.83-5.23-1.56-9.99-2.2-14.21-.74-4.89-1.35-9.04-1.83-12.34-.23-1.64-.43-3.07-.61-4.27-.12-.9-.23-1.67-.31-2.3-.19-1.36-.29-2.11-.3-2.18l3.8-.51c.01.08.13,1.01.37,2.69.09.65.19,1.42.32,2.3.83,5.88,2.39,16.67,4.64,30.82.12.75.24,1.52.37,2.3,4.39,27.5,11.21,66.78,20.03,107.25.16.76.33,1.53.5,2.3,1.04,4.73,2.11,9.48,3.2,14.23.58,2.5,1.15,4.97,1.73,7.4.76,3.21,1.51,6.35,2.27,9.43.03.13.06.26.09.39.02.07.03.14.05.2,7.14,29.13,14.08,52.62,20.72,71.49.27.78.54,1.54.82,2.3,4.36,12.2,8.59,22.41,12.68,30.91.64,1.34,1.28,2.64,1.92,3.9.34.68.69,1.35,1.03,2,.29.57.59,1.12.88,1.67,12.63,23.62,23.65,31.03,32.31,31.44.19.01.38.02.57.02h.22c.5,0,1.01-.02,1.51-.07,15.66-1.41,31.63-24.7,47.51-69.29.07-.19.14-.38.21-.58.26-.76.53-1.53.81-2.3,6.94-19.9,13.85-43.97,20.72-72.08.7-2.86,1.4-5.76,2.1-8.71,1.71-7.2,3.41-14.65,5.12-22.35.17-.76.34-1.53.5-2.3,6.95-31.65,13.85-67.44,20.66-107.25.13-.76.26-1.53.39-2.3,1.71-10.02,3.41-20.29,5.1-30.82.12-.76.25-1.53.37-2.3.15-.91.29-1.82.44-2.74l3.79.61Z""/>
  <g>
    <rect class=""cls-2"" x=""217.02"" y=""45.23"" width=""3.83"" height=""441.31""/>
    <polygon class=""cls-2"" points=""226.73 50.76 220.85 47.35 218.94 46.24 217.02 47.35 211.14 50.76 218.94 31.69 226.73 50.76""/>
  </g>
  <g>
    <rect class=""cls-2"" y=""435.67"" width=""423.2"" height=""3.83""/>
    <polygon class=""cls-2"" points=""421.08 439.5 422.19 437.59 421.08 435.67 417.67 429.79 436.74 437.59 417.67 445.38 421.08 439.5""/>
  </g>
  <path class=""cls-2"" d=""M217.02,62.05v12.26h3.83v-12.26h-3.83ZM217.02,86.58v12.27h3.83v-12.27h-3.83ZM217.02,111.12v12.27h3.83v-12.27h-3.83ZM217.02,135.66v12.27h3.83v-12.27h-3.83ZM217.02,160.2v12.27h3.83v-12.27h-3.83ZM217.02,184.73v12.27h3.83v-12.27h-3.83ZM217.02,209.27v12.27h3.83v-12.27h-3.83ZM217.02,233.81v12.27h3.83v-12.27h-3.83ZM217.02,258.35v12.27h3.83v-12.27h-3.83ZM217.02,282.89v12.26h3.83v-12.26h-3.83ZM217.02,307.42v12.27h3.83v-12.27h-3.83ZM217.02,331.96v12.27h3.83v-12.27h-3.83ZM217.02,356.5v12.27h3.83v-12.27h-3.83ZM217.02,381.04v12.27h3.83v-12.27h-3.83ZM217.02,405.57v12.27h3.83v-12.27h-3.83ZM217.02,430.11v12.27h3.83v-12.27h-3.83Z""/>
  <path class=""cls-2"" d=""M197.08,446.08c-7.91,0-13.53,7.61-13.53,15.48,0,6.31,3.86,10.47,9.9,10.47,8.02,0,13.49-7.3,13.49-15.25,0-6.49-3.75-10.7-9.86-10.7ZM193.76,470.66c-4.67,0-6.62-3.6-6.62-8.87,0-6.76,3.79-14.33,9.67-14.33,4.93,0,6.54,3.67,6.54,9.02,0,6.23-3.21,14.18-9.59,14.18Z""/>
  <path class=""cls-2"" d=""M254.3,476.57v-19.88c-1.94.85-4.47,1.46-6.99,1.88v.95l1.87.19c1.69.16,1.95.23,1.95,2.18v14.68c0,2.86-.23,3.05-4.47,3.32v1.07h12.15v-1.07c-4.28-.27-4.51-.42-4.51-3.32Z""/>
  <g>
    <path class=""cls-2"" d=""M199.18,412.52v1.07h-12.15v-1.07c4.24-.26,4.47-.46,4.47-3.32v-14.68c0-1.94-.27-2.02-1.95-2.17l-1.87-.2v-.95c2.52-.42,5.04-1.03,6.99-1.87v19.87c0,2.9.23,3.06,4.51,3.32Z""/>
    <path class=""cls-4"" d=""M182.31,386.65v1.29h.38v-1.35l-.38.06Z""/>
  </g>
  <path class=""cls-2"" d=""M460.71,430.27c-1.72,0-3.36,1.61-6.68,6.19l-.58-2.02c-.88-2.94-1.6-4.17-2.67-4.17-1.22,0-2.91,1.42-4.55,3.98l.77.84c1.29-1.8,2.06-2.18,2.44-2.18.54,0,.88.73,1.53,2.79l1.03,3.36c-3.36,4.66-4.58,5.85-5.27,5.85-.54,0-.88-1.03-1.42-1.03-.72,0-1.64,1.18-1.68,2.29,0,1.07.69,1.8,1.68,1.8,1.72,0,3.37-2.07,7.11-7.46l1.03,3.33c.92,2.87,1.76,4.13,2.79,4.13,1.38,0,3.25-1.49,4.89-4.09l-.68-.88c-1.49,1.79-2.18,2.25-2.79,2.25-.65,0-1.23-1.14-1.95-3.44l-1.26-3.89c2.44-3.37,3.89-4.9,4.74-4.9.57,0,.99.96,1.41,1.04.23.03.46-.04.8-.31.5-.34.92-1.3.92-1.83.04-.84-.5-1.65-1.61-1.65Z""/>
  <path class=""cls-2"" d=""M224.16,0c-.61,0-1.37.5-1.76,1-.34.42-.34.76-.15,1.22.19.42.57,1.11.57,1.87.04,2.79-3.78,8.22-5.5,10.78-.15-2.45-.31-5.81-.57-9.09-.23-3.33-.69-5.78-2.07-5.78s-3.51,2.03-4.7,3.79l.61.99c.92-1.14,1.95-2.02,2.37-2.02.39,0,.77.88,1,3.21.34,3.47.8,8.98.84,12.03-1.87,2.53-4.93,5.66-8.75,8.1l.34.88,3.98-1.03c4.39-4.81,10.77-13.75,13.87-19.45.95-1.76,1.33-3.32,1.33-4.39,0-1.26-.53-2.11-1.41-2.11Z""/>
  <path class=""cls-1"" d=""M199.18,412.52v1.07h-12.15v-1.07c4.24-.26,4.47-.46,4.47-3.32v-14.68c0-1.94-.27-2.02-1.95-2.17l-1.87-.2v-.95c2.52-.42,5.04-1.03,6.99-1.87v19.87c0,2.9.23,3.06,4.51,3.32Z""/>
  <path class=""cls-1"" d=""M460.71,430.27c-1.72,0-3.36,1.61-6.68,6.19l-.58-2.02c-.88-2.94-1.6-4.17-2.67-4.17-1.22,0-2.91,1.42-4.55,3.98l.77.84c1.29-1.8,2.06-2.18,2.44-2.18.54,0,.88.73,1.53,2.79l1.03,3.36c-3.36,4.66-4.58,5.85-5.27,5.85-.54,0-.88-1.03-1.42-1.03-.72,0-1.64,1.18-1.68,2.29,0,1.07.69,1.8,1.68,1.8,1.72,0,3.37-2.07,7.11-7.46l1.03,3.33c.92,2.87,1.76,4.13,2.79,4.13,1.38,0,3.25-1.49,4.89-4.09l-.68-.88c-1.49,1.79-2.18,2.25-2.79,2.25-.65,0-1.23-1.14-1.95-3.44l-1.26-3.89c2.44-3.37,3.89-4.9,4.74-4.9.57,0,.99.96,1.41,1.04.23.03.46-.04.8-.31.5-.34.92-1.3.92-1.83.04-.84-.5-1.65-1.61-1.65ZM421.08,435.67h-23.1v-8.62h-2.3v8.62h-33.25v-8.62h-2.3v8.62h-33.32v-8.62h-2.3v8.62h-36.28v-8.62h-2.31v8.62h-30.46v-8.62h-2.3v8.62h-32.31v-57.52c8.93,15.08,17.98,24,27.13,26.71v.11h.39c1.59.44,3.19.69,4.79.75v8.29h2.3v-8.33c1.38-.09,2.76-.33,4.13-.71h1.42v-.44c8.46-2.89,16.73-11.04,24.91-24.6v8.01h2.31v-11.99c6.15-10.96,12.25-24.98,18.35-42.13.22-.61.44-1.23.66-1.86h5.91v-2.3h-5.11c5.51-15.94,11-34.49,16.47-55.58v9.57h2.3v-13.03h-1.4c.86-3.39,1.73-6.83,2.59-10.35h11.23v-2.3h-10.67c2.44-9.98,4.87-20.47,7.29-31.45h3.38v-2.3h-2.87c6.94-31.68,13.82-67.48,20.61-107.25h3.16v10.25h2.3v-10.25h2.87v-2.3h-2.87v-.48h-2.3v.48h-2.76c.92-5.42,1.84-10.92,2.76-16.49v2.97h2.3v-13.03h-.65c.23-1.42.46-2.84.69-4.27h2.83v-2.3h-2.46c.11-.71.23-1.42.34-2.13l-3.79-.61c-.15.92-.29,1.83-.44,2.74h-6.69v2.3h6.32c-1.69,10.53-3.39,20.8-5.1,30.82h-1.22v2.3h.83c-6.81,39.81-13.71,75.6-20.66,107.25h-5.62v-5.75h-2.3v13.04h2.3v-4.99h5.12c-1.71,7.7-3.41,15.15-5.12,22.35v-4.32h-2.3v13.03h.2c-6.87,28.11-13.78,52.18-20.72,72.08h-3.87v2.3h3.06c-.07.2-.14.39-.21.58-15.88,44.59-31.85,67.88-47.51,69.29v-.86h-2.3v.91c-8.66-.41-19.68-7.82-32.31-31.44V47.35l5.88,3.41-7.79-19.07-7.8,19.07,5.88-3.41v315.52c-4.09-8.5-8.32-18.71-12.68-30.91h4.53v-2.3h-5.35c-6.64-18.87-13.58-42.36-20.72-71.49v-.2h-.05c-.03-.13-.06-.26-.09-.39h.03v-13.03h-2.3v3.6c-.58-2.43-1.15-4.9-1.73-7.4-1.09-4.75-2.16-9.5-3.2-14.23h4.93v4.99h2.3v-4.99h.11v-2.3h-.11v-5.75h-2.3v5.75h-5.43c-8.82-40.47-15.64-79.75-20.03-107.25h1.8v-2.3h-2.17c-2.25-14.15-3.81-24.94-4.64-30.82h6.81v-2.3h-7.13c-.24-1.68-.36-2.61-.37-2.69l-3.8.51c.01.07.11.82.3,2.18h-2.04v2.3h2.35c.18,1.2.38,2.63.61,4.27h-.47v13.03h2.3v-.69c.64,4.22,1.37,8.98,2.2,14.21h-2.2v-.48h-2.3v.48h-2.49v2.3h2.49v10.25h2.3v-10.25h2.56c4.38,27.4,11.18,66.69,19.99,107.25h-1.27v2.3h1.77c1.1,5.01,2.23,10.04,3.39,15.07,1.29,5.6,2.59,11.06,3.89,16.38h-9.05v2.3h9.61c.86,3.51,1.73,6.96,2.6,10.35h-1.58v13.03h2.3v-10.25c5.53,21.31,11.12,40.07,16.78,56.26h-3.64v2.3h4.45c5.53,15.57,11.11,28.69,16.74,39.34v64.37h-34.33v-8.62h-2.3v8.62h-31.91v-8.62h-2.3v8.62h-36.72v-8.62h-2.3v8.62h-33.24v-8.62h-2.3v8.62h-33.83v-8.62h-2.3v8.62H0v3.83h35.49v.58h2.3v-.58h33.83v.58h2.3v-.58h33.24v.58h2.3v-.58h36.72v.58h2.3v-.58h31.91v.58h2.3v-.58h34.33v47.04h3.83v-47.04h32.31v.58h2.3v-.58h30.46v.58h2.31v-.58h36.28v.58h2.3v-.58h33.32v.58h2.3v-.58h33.25v.58h2.3v-.58h23.1l-3.41,5.88,19.07-7.79-19.07-7.8,3.41,5.88ZM417.44,402.67h-13.04v2.3h13.04v-2.3ZM417.44,365.5h-13.04v2.3h13.04v-2.3ZM417.44,329.66h-13.04v2.3h13.04v-2.3ZM417.44,293.81h-13.04v2.3h13.04v-2.3ZM417.44,257.97h-13.04v2.3h13.04v-2.3ZM417.44,224.22h-13.04v2.3h13.04v-2.3ZM417.44,187.7h-13.04v2.3h13.04v-2.3ZM417.44,151.19h-13.04v2.3h13.04v-2.3ZM417.44,114.67h-13.04v2.3h13.04v-2.3ZM417.44,81.55h-13.04v2.3h13.04v-2.3ZM397.98,400.97h-2.3v13.04h2.3v-13.04ZM397.98,374.9h-2.3v13.04h2.3v-13.04ZM397.98,348.83h-2.3v13.04h2.3v-13.04ZM397.98,322.76h-2.3v13.04h2.3v-13.04ZM397.98,296.69h-2.3v13.03h2.3v-13.03ZM397.98,270.62h-2.3v13.03h2.3v-13.03ZM397.98,244.55h-2.3v13.03h2.3v-13.03ZM397.98,218.47h-2.3v13.04h2.3v-13.04ZM397.98,192.4h-2.3v13.04h2.3v-13.04ZM397.98,166.33h-2.3v13.04h2.3v-13.04ZM397.98,140.26h-2.3v13.04h2.3v-13.04ZM397.98,114.19h-2.3v13.03h2.3v-13.03ZM397.98,88.12h-2.3v13.03h2.3v-13.03ZM397.98,62.05h-2.3v13.03h2.3v-13.03ZM391.37,402.67h-13.04v2.3h13.04v-2.3ZM391.37,365.5h-13.04v2.3h13.04v-2.3ZM391.37,329.66h-13.04v2.3h13.04v-2.3ZM391.37,293.81h-13.04v2.3h13.04v-2.3ZM391.37,257.97h-13.04v2.3h13.04v-2.3ZM391.37,224.22h-13.04v2.3h13.04v-2.3ZM391.37,187.7h-13.04v2.3h13.04v-2.3ZM391.37,151.19h-13.04v2.3h13.04v-2.3ZM391.37,114.67h-13.04v2.3h13.04v-2.3ZM391.37,81.55h-13.04v2.3h13.04v-2.3ZM365.3,365.5h-13.04v2.3h13.04v-2.3ZM365.3,329.66h-2.87v-6.9h-2.3v6.9h-7.87v2.3h7.87v3.84h2.3v-3.84h2.87v-2.3ZM365.3,293.81h-13.04v2.3h13.04v-2.3ZM365.3,257.97h-13.04v2.3h13.04v-2.3ZM365.3,224.22h-2.87v-5.75h-2.3v5.75h-7.87v2.3h7.87v4.99h2.3v-4.99h2.87v-2.3ZM365.3,187.7h-13.04v2.3h13.04v-2.3ZM365.3,151.19h-2.87v-10.93h-2.3v10.93h-7.87v2.3h13.04v-2.3ZM362.43,414.01v-9.04h2.87v-2.3h-2.87v-1.7h-2.3v1.7h-7.87v2.3h7.87v9.04h2.3ZM362.43,374.9h-2.3v13.04h2.3v-13.04ZM360.13,348.83v13.04h2.3v-13.04h-2.3ZM362.43,296.69h-2.3v13.03h2.3v-13.03ZM360.13,270.62v13.03h2.3v-13.03h-2.3ZM360.13,244.55v13.03h2.3v-13.03h-2.3ZM362.43,192.4h-2.3v13.04h2.3v-13.04ZM360.13,166.33v13.04h2.3v-13.04h-2.3ZM362.43,62.05h-2.3v13.03h2.3v-13.03ZM339.23,365.5h-13.04v2.3h13.04v-2.3ZM339.23,329.66h-12.42v-6.9h-2.3v13.04h2.3v-3.84h12.42v-2.3ZM339.23,293.81h-13.04v2.3h13.04v-2.3ZM326.19,190h13.04v-2.3h-13.04v2.3ZM326.19,153.49h13.04v-2.3h-12.42v-10.93h-2.3v13.04h1.68v.19ZM326.19,83.85h13.04v-2.3h-13.04v2.3ZM324.51,414.01h2.3v-9.04h12.42v-2.3h-12.42v-1.7h-2.3v13.04ZM326.81,374.9h-2.3v13.04h2.3v-13.04ZM326.81,348.83h-2.3v13.04h2.3v-13.04ZM326.81,296.69h-2.3v13.03h2.3v-13.03ZM326.81,192.4h-2.3v13.04h2.3v-13.04ZM326.81,166.33h-2.3v13.04h2.3v-13.04ZM326.81,116.97h12.42v-2.3h-12.42v-.48h-2.3v13.03h2.3v-10.25ZM326.81,88.12h-2.3v13.03h2.3v-13.03ZM326.81,62.05h-2.3v13.03h2.3v-13.03ZM300.12,404.97h13.03v-2.3h-13.03v2.3ZM313.15,365.5h-13.03v2.3h13.03v-2.3ZM313.15,293.81h-13.03v2.3h13.03v-2.3ZM313.15,257.97h-13.03v2.3h13.03v-2.3ZM313.15,224.22h-13.03v2.3h13.03v-2.3ZM313.15,187.7h-13.03v2.3h13.03v-2.3ZM313.15,151.19h-13.03v2.3h13.03v-2.3ZM313.15,114.67h-13.03v2.3h13.03v-2.3ZM313.15,81.55h-13.03v2.3h13.03v-2.3ZM288.23,414.01v-13.04h-2.31v1.7h-11.87v2.3h11.87v9.04h2.31ZM285.92,361.87h2.31v-13.04h-2.31v13.04ZM285.92,335.8h2.31v-13.04h-2.31v6.9h-11.87v2.3h11.87v3.84ZM285.92,309.72h2.31v-13.03h-2.31v13.03ZM285.92,283.65h2.31v-13.03h-2.31v13.03ZM285.92,257.58h2.31v-13.03h-2.31v13.03ZM285.92,231.51h2.31v-13.04h-2.31v5.75h-11.87v2.3h11.87v4.99ZM285.92,205.44h2.31v-13.04h-2.31v13.04ZM285.92,179.37h2.31v-13.04h-2.31v13.04ZM285.92,127.22h2.31v-13.03h-2.31v.48h-11.87v2.3h11.87v10.25ZM285.92,101.15h2.31v-13.03h-2.31v13.03ZM288.23,62.05h-2.31v13.03h2.31v-13.03ZM287.08,365.5h-13.03v2.3h13.03v-2.3ZM287.08,293.81h-13.03v2.3h13.03v-2.3ZM287.08,257.97h-13.03v2.3h13.03v-2.3ZM287.08,187.7h-13.03v2.3h13.03v-2.3ZM287.08,153.3h1.15v-13.04h-2.31v10.93h-11.87v2.3h13.03v-.19ZM287.08,81.55h-13.03v2.3h13.03v-2.3ZM261.01,365.5h-13.03v2.3h13.03v-2.3ZM261.01,293.81h-13.03v2.3h13.03v-2.3ZM261.01,257.97h-13.03v2.3h13.03v-2.3ZM261.01,187.7h-13.03v2.3h13.03v-2.3ZM261.01,151.19h-5.55v-10.93h-2.3v10.93h-5.18v2.3h13.03v-2.3ZM261.01,81.55h-13.03v2.3h13.03v-2.3ZM254.3,476.57v-19.88c-1.94.85-4.47,1.46-6.99,1.88v.95l1.87.19c1.69.16,1.95.23,1.95,2.18v14.68c0,2.86-.23,3.05-4.47,3.32v1.07h12.15v-1.07c-4.28-.27-4.51-.42-4.51-3.32ZM255.46,387.94v-13.04h-2.3v13.04h2.3ZM253.16,361.87h2.3v-13.04h-2.3v13.04ZM253.16,335.8h2.3v-3.84h5.55v-2.3h-5.55v-6.9h-2.3v6.9h-5.18v2.3h5.18v3.84ZM255.46,309.72v-13.03h-2.3v13.03h2.3ZM255.46,283.65v-13.03h-2.3v13.03h2.3ZM253.16,257.58h2.3v-13.03h-2.3v13.03ZM253.16,231.51h2.3v-4.99h5.55v-2.3h-5.55v-5.75h-2.3v5.75h-5.18v2.3h5.18v4.99ZM255.46,205.44v-13.04h-2.3v13.04h2.3ZM255.46,179.37v-13.04h-2.3v13.04h2.3ZM253.16,127.22h2.3v-10.25h5.55v-2.3h-5.55v-.48h-2.3v.48h-5.18v2.3h5.18v10.25ZM255.46,101.15v-13.03h-2.3v13.03h2.3ZM255.46,62.05h-2.3v13.03h2.3v-13.03ZM221.9,404.97h13.04v-2.3h-13.04v2.3ZM221.9,367.8h13.04v-2.3h-13.04v2.3ZM234.94,329.66h-13.04v2.3h13.04v-2.3ZM234.94,293.81h-13.04v2.3h13.04v-2.3ZM234.94,257.97h-13.04v2.3h13.04v-2.3ZM234.94,224.22h-13.04v2.3h13.04v-2.3ZM234.94,187.7h-13.04v2.3h13.04v-2.3ZM234.94,151.19h-13.04v2.3h13.04v-2.3ZM234.94,114.67h-13.04v2.3h13.04v-2.3ZM234.94,81.55h-13.04v2.3h13.04v-2.3ZM206.05,26.1l.34.88,3.98-1.03c4.39-4.81,10.77-13.75,13.87-19.45.95-1.76,1.33-3.32,1.33-4.39,0-1.26-.53-2.11-1.41-2.11-.61,0-1.37.5-1.76,1-.34.42-.34.76-.15,1.22.19.42.57,1.11.57,1.87.04,2.79-3.78,8.22-5.5,10.78-.15-2.45-.31-5.81-.57-9.09-.23-3.33-.69-5.78-2.07-5.78s-3.51,2.03-4.7,3.79l.61.99c.92-1.14,1.95-2.02,2.37-2.02.39,0,.77.88,1,3.21.34,3.47.8,8.98.84,12.03-1.87,2.53-4.93,5.66-8.75,8.1ZM208.87,404.97v-2.3h-8.83v2.3h8.83ZM208.87,365.5h-13.04v2.3h13.04v-2.3ZM208.87,293.81h-13.04v2.3h13.04v-2.3ZM208.87,257.97h-13.04v2.3h13.04v-2.3ZM208.87,224.22h-13.04v2.3h13.04v-2.3ZM208.87,187.7h-13.04v2.3h13.04v-2.3ZM208.87,151.19h-13.04v2.3h13.04v-2.3ZM208.87,114.67h-13.04v2.3h13.04v-2.3ZM208.87,81.55h-13.04v2.3h13.04v-2.3ZM197.08,446.08c-7.91,0-13.53,7.61-13.53,15.48,0,6.31,3.86,10.47,9.9,10.47,8.02,0,13.49-7.3,13.49-15.25,0-6.49-3.75-10.7-9.86-10.7ZM169.76,367.8h13.04v-2.3h-13.04v2.3ZM182.8,293.81h-13.04v2.3h13.04v-2.3ZM182.8,187.7h-13.04v2.3h13.04v-2.3ZM182.8,151.19h-.11v-10.93h-2.3v10.93h-10.63v2.3h13.04v-2.3ZM182.8,81.55h-13.04v2.3h13.04v-2.3ZM182.69,387.94v-13.04h-2.3v13.04h2.3ZM180.39,361.87h2.3v-13.04h-2.3v13.04ZM182.69,309.72v-13.03h-2.3v13.03h2.3ZM182.69,205.44v-13.04h-2.3v13.04h2.3ZM182.69,179.37v-13.04h-2.3v13.04h2.3ZM180.39,127.22h2.3v-10.25h.11v-2.3h-.11v-.48h-2.3v.48h-10.63v2.3h10.63v10.25ZM182.69,101.15v-13.03h-2.3v13.03h2.3ZM182.69,62.05h-2.3v13.03h2.3v-13.03ZM169.76,404.97h10.63v9.04h1.27v-6.53l1.03-.06v-2.45h.11v-2.3h-.11v-1.7h-2.3v1.7h-10.63v2.3ZM169.76,331.96h10.63v3.84h2.3v-3.84h.11v-2.3h-.11v-6.9h-2.3v6.9h-10.63v2.3ZM156.73,365.5h-13.04v2.3h13.04v-2.3ZM156.73,293.81h-13.04v2.3h13.04v-2.3ZM156.73,257.97h-13.04v2.3h13.04v-2.3ZM156.73,187.7h-13.04v2.3h13.04v-2.3ZM156.73,151.19h-8.25v-10.93h-2.3v10.93h-2.49v2.3h13.04v-2.3ZM146.18,414.01h2.3v-9.04h8.25v-2.3h-8.25v-1.7h-2.3v1.7h-2.49v2.3h2.49v9.04ZM148.48,387.94v-13.04h-2.3v13.04h2.3ZM146.18,361.87h2.3v-13.04h-2.3v13.04ZM146.18,335.8h2.3v-3.84h8.25v-2.3h-8.25v-6.9h-2.3v6.9h-2.49v2.3h2.49v3.84ZM148.48,309.72v-13.03h-2.3v13.03h2.3ZM148.48,283.65v-13.03h-2.3v13.03h2.3ZM146.18,257.58h2.3v-13.03h-2.3v13.03ZM146.18,231.51h2.3v-4.99h8.25v-2.3h-8.25v-5.75h-2.3v5.75h-2.49v2.3h2.49v4.99ZM148.48,205.44v-13.04h-2.3v13.04h2.3ZM148.48,179.37v-13.04h-2.3v13.04h2.3ZM148.48,62.05h-2.3v13.03h2.3v-13.03ZM130.65,402.67h-13.03v2.3h13.03v-2.3ZM130.65,365.5h-13.03v2.3h13.03v-2.3ZM130.65,329.66h-13.03v2.3h13.03v-2.3ZM130.65,293.81h-13.03v2.3h13.03v-2.3ZM130.65,257.97h-13.03v2.3h13.03v-2.3ZM130.65,224.22h-13.03v2.3h13.03v-2.3ZM130.65,187.7h-13.03v2.3h13.03v-2.3ZM130.65,151.19h-13.03v2.3h13.03v-2.3ZM130.65,114.67h-13.03v2.3h13.03v-2.3ZM130.65,81.55h-13.03v2.3h13.03v-2.3ZM109.46,400.97h-2.3v13.04h2.3v-13.04ZM109.46,374.9h-2.3v13.04h2.3v-13.04ZM109.46,348.83h-2.3v13.04h2.3v-13.04ZM109.46,322.76h-2.3v13.04h2.3v-13.04ZM109.46,296.69h-2.3v13.03h2.3v-13.03ZM109.46,270.62h-2.3v13.03h2.3v-13.03ZM109.46,244.55h-2.3v13.03h2.3v-13.03ZM109.46,218.47h-2.3v13.04h2.3v-13.04ZM109.46,192.4h-2.3v13.04h2.3v-13.04ZM109.46,166.33h-2.3v13.04h2.3v-13.04ZM109.46,140.26h-2.3v13.04h2.3v-13.04ZM109.46,114.19h-2.3v13.03h2.3v-13.03ZM109.46,88.12h-2.3v13.03h2.3v-13.03ZM109.46,62.05h-2.3v13.03h2.3v-13.03ZM104.58,402.67h-13.03v2.3h13.03v-2.3ZM104.58,365.5h-13.03v2.3h13.03v-2.3ZM104.58,329.66h-13.03v2.3h13.03v-2.3ZM104.58,293.81h-13.03v2.3h13.03v-2.3ZM104.58,257.97h-13.03v2.3h13.03v-2.3ZM104.58,224.22h-13.03v2.3h13.03v-2.3ZM104.58,187.7h-13.03v2.3h13.03v-2.3ZM104.58,151.19h-13.03v2.3h13.03v-2.3ZM104.58,114.67h-13.03v2.3h13.03v-2.3ZM104.58,81.55h-13.03v2.3h13.03v-2.3ZM78.51,365.5h-13.03v2.3h13.03v-2.3ZM78.51,293.81h-13.03v2.3h13.03v-2.3ZM78.51,257.97h-13.03v2.3h13.03v-2.3ZM78.51,187.7h-13.03v2.3h13.03v-2.3ZM78.51,151.19h-4.59v-10.93h-2.3v10.93h-6.14v2.3h13.03v-2.3ZM78.51,81.55h-13.03v2.3h13.03v-2.3ZM71.62,414.01h2.3v-9.04h4.59v-2.3h-4.59v-1.7h-2.3v1.7h-6.14v2.3h6.14v9.04ZM73.92,387.94v-13.04h-2.3v13.04h2.3ZM71.62,361.87h2.3v-13.04h-2.3v13.04ZM71.62,335.8h2.3v-3.84h4.59v-2.3h-4.59v-6.9h-2.3v6.9h-6.14v2.3h6.14v3.84ZM73.92,309.72v-13.03h-2.3v13.03h2.3ZM73.92,283.65v-13.03h-2.3v13.03h2.3ZM71.62,257.58h2.3v-13.03h-2.3v13.03ZM71.62,231.51h2.3v-4.99h4.59v-2.3h-4.59v-5.75h-2.3v5.75h-6.14v2.3h6.14v4.99ZM73.92,205.44v-13.04h-2.3v13.04h2.3ZM73.92,179.37v-13.04h-2.3v13.04h2.3ZM71.62,127.22h2.3v-10.25h4.59v-2.3h-4.59v-.48h-2.3v.48h-6.14v2.3h6.14v10.25ZM73.92,101.15v-13.03h-2.3v13.03h2.3ZM73.92,62.05h-2.3v13.03h2.3v-13.03ZM52.44,402.67h-13.04v2.3h13.04v-2.3ZM52.44,365.5h-13.04v2.3h13.04v-2.3ZM52.44,329.66h-13.04v2.3h13.04v-2.3ZM52.44,293.81h-13.04v2.3h13.04v-2.3ZM52.44,257.97h-13.04v2.3h13.04v-2.3ZM52.44,224.22h-13.04v2.3h13.04v-2.3ZM52.44,187.7h-13.04v2.3h13.04v-2.3ZM52.44,151.19h-13.04v2.3h13.04v-2.3ZM52.44,114.67h-13.04v2.3h13.04v-2.3ZM52.44,81.55h-13.04v2.3h13.04v-2.3ZM37.79,400.97h-2.3v13.04h2.3v-13.04ZM37.79,374.9h-2.3v13.04h2.3v-13.04ZM37.79,348.83h-2.3v13.04h2.3v-13.04ZM37.79,322.76h-2.3v13.04h2.3v-13.04ZM37.79,296.69h-2.3v13.03h2.3v-13.03ZM37.79,270.62h-2.3v13.03h2.3v-13.03ZM37.79,244.55h-2.3v13.03h2.3v-13.03ZM37.79,218.47h-2.3v13.04h2.3v-13.04ZM37.79,192.4h-2.3v13.04h2.3v-13.04ZM37.79,166.33h-2.3v13.04h2.3v-13.04ZM37.79,140.26h-2.3v13.04h2.3v-13.04ZM37.79,114.19h-2.3v13.03h2.3v-13.03ZM37.79,88.12h-2.3v13.03h2.3v-13.03ZM37.79,62.05h-2.3v13.03h2.3v-13.03ZM26.37,402.67h-13.04v2.3h13.04v-2.3ZM26.37,365.5h-13.04v2.3h13.04v-2.3ZM26.37,329.66h-13.04v2.3h13.04v-2.3ZM26.37,293.81h-13.04v2.3h13.04v-2.3ZM26.37,257.97h-13.04v2.3h13.04v-2.3ZM26.37,224.22h-13.04v2.3h13.04v-2.3ZM26.37,187.7h-13.04v2.3h13.04v-2.3ZM26.37,151.19h-13.04v2.3h13.04v-2.3ZM26.37,114.67h-13.04v2.3h13.04v-2.3ZM26.37,81.55h-13.04v2.3h13.04v-2.3ZM.3,402.67h-.3v2.3h.3v-2.3ZM.3,365.5h-.3v2.3h.3v-2.3ZM.3,329.66h-.3v2.3h.3v-2.3ZM.3,293.81h-.3v2.3h.3v-2.3ZM.3,257.97h-.3v2.3h.3v-2.3ZM.3,224.22h-.3v2.3h.3v-2.3ZM.3,187.7h-.3v2.3h.3v-2.3ZM.3,151.19h-.3v2.3h.3v-2.3ZM.3,114.67h-.3v2.3h.3v-2.3ZM.3,81.55h-.3v2.3h.3v-2.3Z""/>
</svg></div><p id="""">‍</p><p id=""""><em id="""">Which of the following could be an equation to the graph above?</em></p><p id=""""><em id="""">‍</em></p><p id=""""><em id="""">A) \(x^2 - x + 1\)</em></p><p id=""""><em id="""">B) \(\frac{1}{2} x^2 + \frac{1}{2} x + 1\)</em></p><p id=""""><em id="""">C) \(\frac{1}{2} x^2 - \frac{1}{2} x + 1\)</em></p><p id=""""><em id="""">D) \(2x^2 - 2x - 1\)</em></p><p id="""">‍</p><p id="""">Firstly, choose 3 points on the graph and input them into a table \((+ \rightarrow \text{table})\)</p><p id="""">‍</p><p id="""">(1, 1), (2, 2), and (3, 4) all show up on the graph, so these will be the values we use.</p><p id="""">‍</p><div data-rt-embed-type='true'><iframe src='https://www.desmos.com/calculator/v7c8tdesd3' width='100%' height='400'></iframe></div><p id="""">Since all of our answer choices are in standard form, we will insert the standard form equation using a regression operator (make sure to use \(x_1\) and \(y_ 1\))</p><p id="""">‍</p><div data-rt-embed-type='true'><iframe src='https://www.desmos.com/calculator/3vr66f18qx' width='100%' height='400'></iframe></div><p id="""">‍</p><p id="""">Replace a, b, and c with the given values given in the parameters to get \(\frac{1}{2} x^2 - \frac{1}{2} x + 1\), or answer<strong id=""""> choice C</strong>.</p><p id="""">‍</p><p id="""">The exact same strategy works when given a table. Rather than finding the points on the graph, the points are directly given to you.</p><p id="""">‍</p><h4 id="""">[fs-toc-h2]Exponential Graphs</h4><p id="""">‍</p><p id="""">Regression is usually the only efficient use of desmos within this topic. Refer to the question below.</p><p id="""">‍</p><p id="""">\[\begin{array}{|c|c|}\hline x &amp; f(x) \\\hline0 &amp; 9 \\\hline1 &amp; 12 \\\hline2 &amp; 16 \\\hline\end{array}\]</p><p id="""">‍</p><p id=""""><em id="""">For the exponential function \(f\), the table shows some values of \(x\) and the corresponding values of \(f(x)\). The function can be written in the form \(f(x) = pr^x\), where \(p\) and \(r\) are constants. What is the value of \(r\)?</em></p><p id="""">‍</p><p id="""">This can be solved algebraically, but lets use regression. Just like the last example, input all points into a table. </p><p id="""">‍</p><p id="""">NOTE: \(f(x)\) and \(y\) are interchangeable</p><p id="""">‍</p><div data-rt-embed-type='true'><iframe src='https://www.desmos.com/calculator/ejnwtqpvwa' width='100%' height='400'></iframe></div><p id="""">‍</p><p id="""">‍</p><p id="""">Next, input the form you want you're equation to show up in (using the regression opperator). In this case, the question asks us to use \(f(x) = pr^x\). Though, we will replace \(f(x)\) with \(y_1\) as that is the variable our table uses.</p><p id="""">‍</p><div data-rt-embed-type='true'><iframe src='https://www.desmos.com/calculator/ievpa4craz' width='100%' height='400'></iframe></div><p id="""">‍</p><p id="""">This gives us<strong id=""""> r =1.333 or \(\frac{4}{3}\)</strong></p><p id="""">‍</p><p id="""">‍</p><p id="""">‍</p><p id="""">‍</p><h4 id="""">[fs-toc-h2]Finding Equivalent Expressions</h4><p id="""">‍</p><p id="""">We didn't put this in a specific unit as it could be tested under quadratics, linear relationships, and exponential equations.</p><p id="""">‍</p><p id="""">One of the common questions asked on the SAT involves a given expression and 4 answer choices. You then have to choose which one of the four answer choices is equivalent to the given expression. Take a look at the example below.</p><p id="""">‍</p><p id=""""><em id="""">Which expression is equal to \(3x^2 + 18x + 15\)?</em></p><p id="""">‍</p><p id="""">A) \(3(x-5)(x-1)\) </p><p id="""">B) \(3(x+5)(x+1)\) </p><p id="""">C) \((3x+5)(x+1)\) </p><p id="""">D) \((3x-5)(x-1)\)</p><p id="""">‍</p><p id="""">The mathematical way to solve this would be factoring, but using Desmos can definitely save effort especially if you aren't comfortable with factoring. Plug in each of the five (given expression + 4 answer choices) expressions and the one that lines up with the given expression will be your answer.</p><p id="""">‍</p><div data-rt-embed-type='true'><iframe src='https://www.desmos.com/calculator/da88ogybl2' width='100%' height='400'></iframe></div><p id="""">‍</p><p id="""">The original expression’s graph (green) and answer choice B’s graph (red) line up perfectly, meaning <strong id="""">B</strong> is the correct choice.</p><p id="""">‍</p><p id="""">Constants can also be introduced in this question type. The question below is one of the possible ways it may be asked.</p><p id="""">‍</p><p id=""""><em id="""">The expression \(\frac{3x + 8}{8}\) is equivalent to \(\frac{ax + 16}{3} + \frac{8}{3}\), where \(a\) is a constant. What is the value of \(a\)?</em></p><p id="""">‍</p><p id=""""><em id="""">A) 0 </em></p><p id=""""><em id="""">B) 2 </em></p><p id=""""><em id="""">C) 3 </em></p><p id=""""><em id="""">D) 5</em></p><p id="""">‍</p><p id="""">When inputting two expressions with the exact same constant, you can use a single slider to manipulate both equations. You can now move the slider to each of the answer choices until the graphs of both expressions line up.</p><p id="""">‍</p><div data-rt-embed-type='true'><iframe src='https://www.desmos.com/calculator/dyd84hamnu' width='100%' height='400'></iframe></div><p id="""">‍</p><p id="""">When the slider is set to choices A, B and D the graphs only intersect at one point. At 3 though, the graphs perfectly line up, meaning <strong id="""">choice C</strong> is the correct answer.</p><p id="""">‍</p><p id="""">This strategy can be used for almost any question involving two equivalent expressions, but before turning to graphing, take a few seconds to see if you can solve it quickly mathematically. Inputting 5 different expressions can take a bit of time.</p><p id="""">‍</p><p id="""">‍</p><h4 id="""">[fs-toc-h2]Linear Inequalities</h4><p id="""">‍</p><h5 id="""">[fs-toc-h3]Single Variable Inequalities</h5><p id="""">‍</p><p id="""">While many of these inequalities can be solved quickly algebraically, you may find it easier (and in some cases quicker) to solve by graphing.</p><p id="""">‍</p><p id="""">\[4x + 3 \geq 6(x + 1)\]</p><p id="""">‍</p><p id=""""><em id="""">Which of the following is a solution to the linear inequality above?</em></p><p id=""""><em id="""">‍</em></p><p id=""""><em id="""">A) 6 </em></p><p id=""""><em id="""">B) 2 </em></p><p id=""""><em id="""">C) 0 </em></p><p id=""""><em id="""">D) -3</em></p><p id="""">‍</p><p id="""">The first step is to input the inequality as it shows up in the problem.</p><p id="""">‍</p><div data-rt-embed-type='true'><iframe src='https://www.desmos.com/calculator/yomsrt1owr' width='100%' height='400'></iframe></div><p id="""">‍</p><p id="""">NOTE: since \(x\) is the only variable in the inequality, you don't have to worry about the \(y\)-values.</p><p id="""">‍</p><p id="""">Recall that anything within the shaded region is a solution to an the inequality. The first three answer choices all fall outside of the shaded region, while -3 is the only one inside it, making<strong id=""""> choice D</strong> the correct answer.</p><p id="""">‍</p><h5 id="""">[fs-toc-h3]Multi-Variable Inequalities</h5><p id="""">‍</p><p id="""">The exact same strategy as before can be employed here. Though, rather than only worrying about the \(x\)-value, you have to look at both the \(x\) and \(y\) values.</p><p id="""">‍</p><p id=""""><em id="""">\[5y + 3x &gt; 10x - 2\]</em></p><p id=""""><em id="""">‍</em></p><p id=""""><em id="""">Which of the following points \((x, y)\) is a solution to the linear inequality above?</em></p><p id=""""><em id="""">‍</em></p><p id=""""><em id="""">A) (2, -2) </em></p><p id=""""><em id="""">B) (6, 8) </em></p><p id=""""><em id="""">C) (0, 5) </em></p><p id=""""><em id="""">D) (7, 0)</em></p><p id="""">‍</p><p id="""">Plug in the inequality as it shows up in the question.</p><p id="""">‍</p><div data-rt-embed-type='true'><iframe src='https://www.desmos.com/calculator/okto8wuxr8' width='100%' height='400'></iframe></div><p id="""">‍</p><p id="""">A and D both lie outside of the shaded region and B lies directly on the line. Since the line is dotted that means that B is NOT a solution. This leaves answer <strong id="""">choice C </strong>as the right answer.</p><p id="""">‍</p><h5 id="""">[fs-toc-h3]Systems of Inequalities</h5><p id="""">‍</p><p id="""">The solution set of a system of linear inequalities is where the shaded regions overlap. Knowing this, you can graph both inequalities and find your solutions within the double-shaded region.</p><p id="""">‍</p><p id="""">\[y \geq \frac{4}{5}x + 2\]</p><p id="""">\[3x + 2y &lt; 21\]</p><p id=""""><strong id="""">‍</strong></p><p id=""""><em id="""">Which of the following points \((x, y)\) is a solution to the system of inequalities above?</em></p><p id=""""><em id="""">‍</em></p><p id=""""><em id="""">A) (0, 0) </em></p><p id=""""><em id="""">B) (5, 10) </em></p><p id=""""><em id="""">C) (6, 4) </em></p><p id=""""><em id="""">D) (-2, 7)</em></p><p id="""">‍</p><p id="""">The graph of the system is shown below.</p><p id="""">‍</p><div data-rt-embed-type='true'><iframe src='https://www.desmos.com/calculator/tbakvforpl' width='100%' height='400'></iframe></div><p id="""">‍</p><p id="""">The first 3 answer choices either lie in a singular shaded region or in no shaded region at all. Answer choice D, (-2, 7), is the only point that lies in the overlapping shaded region, making <strong id="""">choice D</strong> the correct answer.</p><p id="""">‍</p><p id="""">‍</p><h4 id="""">[fs-toc-h2]Linear Relationships - Find Everything from Two Points</h4><p id="""">‍</p><h5 id="""">[fs-toc-h3]Finding the Slope and Y-Intercept</h5><p id="""">‍</p><p id="""">You are almost guaranteed to be asked a question about a linear line, whether it's finding the slope, \(x\) intercept, or \(y\)-intercept. These questions will supply you with two or more points and you’re required to find information based off of them. This is all easily done through a regression.</p><p id="""">‍</p><p id=""""><em id="""">The graph of line \(l\) in the \(xy\)-plane passes through the points (2, 10) and (-3, -5), with a slope of \(m\). What is the value of \(m\)?</em></p><p id="""">‍</p><p id="""">The first step in this case is to create a table and input your values. This is done by clicking the plus in the top right corner and selecting ‘table’. Plug in both \(x\) values in the \(x_1\) column, and their respective \(y\) values in the \(y_1\) column.</p><p id="""">‍</p><div data-rt-embed-type='true'><iframe src='https://www.desmos.com/calculator/2ns8impi0g' width='100%' height='400'></iframe></div><p id="""">‍</p><p id="""">You can now input the regression \(y_1 \sim mx_1 + b\), where \(m\) is the slope and \(b\) is the \(y\)-intercept. Make sure you are using \(x_1\) and \(y_1\) and NOT \(x\) and \(y\). Doing this will give you the values of \(m\) and \(b\) while also graphing the line.</p><p id="""">‍</p><div data-rt-embed-type='true'><iframe src='https://www.desmos.com/calculator/owek98r0i6' width='100%' height='400'></iframe></div><p id="""">‍</p><p id="""">In this case \(m\) is equal to 3 and \(b\) is equal to 4. Meaning our slope (or the value of \(m\)) is<strong id=""""> equal to 3</strong>.</p><p id="""">‍</p><p id="""">Some questions may ask you to find the \(x\)-intercept. While it's not directly given in the parameters it can be found by analyzing its graph.</p><p id="""">‍</p><h5 id="""">[fs-toc-h3]Finding the X-Intercept</h5><p id="""">‍</p><p id="""">\[<br>\begin{array}{|c|c|}<br>\hline<br>\text{x} &amp; \text{y} \\<br>\hline<br>0 &amp; 4 \\<br>\hline<br>3 &amp; 6 \\<br>\hline<br>6 &amp; 8 &nbsp;\\<br>\hline<br>\end{array}<br>\]</p><p id="""">‍</p><p id=""""><em id="""">The table above shows some value of a line. The line intersects the x-axis at \((q, 0)\). What is the value of \(q\)?</em></p><p id="""">‍</p><p id="""">The process is the same here. Insert the table with the values shown above and the regression.</p><p id="""">‍</p><div data-rt-embed-type='true'><iframe src='https://www.desmos.com/calculator/netfcyttoe' width='100%' height='400'></iframe></div><p id="""">‍</p><p id="""">Since we’re looking for the \(x\)-intercept, we don't have to worry about the parameters. Simply navigate your way to the graph and see where it crosses the \(x\)-axis. This happens at (-6, 0) meaning the value of \(q\) is equal to -<strong id="""">6</strong>.</p><p id="""">‍</p><p id="""">‍</p><h4 id="""">[fs-toc-h2]Functions</h4><p id="""">‍</p><p id="""">We can use the regression feature on function questions using constants as long as we have one point of the graph. Look at the example below.</p><p id="""">‍</p><p id="""">\[f(x) = x^2 + 4x + n\]</p><p id="""">‍</p><p id=""""><em id="""">In the function above \(n\) is a constant and \(f(-2) = -1\). What is the value of \(f(-4)\)?</em></p><p id="""">‍</p><p id="""">The first step is to input the given function. In this case, there is no reason to add the slider.</p><p id="""">‍</p><div data-rt-embed-type='true'><iframe src='https://www.desmos.com/calculator/h4l45jkfl7' width='100%' height='400'></iframe></div><p id="""">‍</p><p id="""">We can now tell Desmos that \(f(-2)\) is equal to -1 by using the regression operator. This will then give us the value of \(n\).</p><p id="""">‍</p><div data-rt-embed-type='true'><iframe src='https://www.desmos.com/calculator/gtv1nzuz1b' width='100%' height='400'></iframe></div><p id="""">‍</p><p id="""">All that's left to do is to ask Desmos what \(f(-4)\) equals. This is done by simply typing in \(f(-4)\) into a new line.</p><p id="""">‍</p><div data-rt-embed-type='true'><iframe src='https://www.desmos.com/calculator/miuxbcp2hu' width='100%' height='400'></iframe></div><p id="""">‍</p><p id="""">Giving us an <strong id="""">answer of 3</strong>.</p><p id="""">‍</p><p id="""">This feature can be used on much simpler questions too, where you are given a full function and asked to evaluate a certain value.</p><p id="""">‍</p><p id="""">\[g(x) = x^3 + 2x^2 + 22\]</p><p id="""">‍</p><p id=""""><em id="""">The function \(g\) is defined above. What is the value of \(g(-4)\)?</em></p><p id="""">‍</p><p id="""">Input both the function and what the question is asking, ‘\(g(-4)\)’.</p><p id="""">‍</p><div data-rt-embed-type='true'><iframe src='https://www.desmos.com/calculator/ytnbmbhemd' width='100%' height='400'></iframe></div><p id="""">‍</p><p id="""">This gives us an<strong id=""""> answer of -26</strong>.</p><p id="""">‍</p><p id="""">‍</p><h4 id="""">[fs-toc-h2]Statistics</h4><p id="""">‍</p><h5 id="""">[fs-toc-h3]Finding and Using Mean and Median</h5><p id="""">‍</p><p id="""">Finding mean through Desmos is incredibly simple using the mean() function. All you really have to do is input your data within the parentheses and you’ll be met with an answer</p><p id="""">‍</p><p id="""">\[4, 5, 5, 7, 9, 12, 14\]</p><p id="""">‍</p><p id=""""><em id="""">What is the average (arithmetic mean) of the data set above?</em></p><p id="""">‍</p><p id="""">Type out the mean function and input all your data separated by commas.</p><p id="""">‍</p><div data-rt-embed-type='true'><iframe src='https://www.desmos.com/calculator/mbwhca6qxa' width='100%' height='400'></iframe></div><p id="""">‍</p><p id="""">This gives us an answer of 8.</p><p id="""">‍</p><p id="""">In some other cases, you may be given a mean and asked to find a missing number in a data set. This can definitely be done easily by hand, but you can use the Desmos regression feature too. Take a look at the example below.</p><p id="""">‍</p><p id="""">\[25, 50, 55, 70, 15, x\]</p><p id="""">‍</p><p id=""""><em id="""">The mean of the data set above is equal to 44. What is the value of \(x\)?</em></p><p id="""">‍</p><p id="""">All we have to do in this case is set up a regression using the mean function. We’ll set up the mean function on the left side of the regression (using \(x_1\) as our unknown), and the given mean on the right side. This will give us the value of \(x\).</p><p id="""">‍</p><div data-rt-embed-type='true'><iframe src='https://www.desmos.com/calculator/tocy9mf9vk' width='100%' height='400'></iframe></div><p id="""">‍</p><p id="""">The value of \(x\) in this case is<strong id=""""> 49</strong>.</p><p id="""">‍</p><p id="""">The median function is used in the exact same way. Simply plug in each given value in a data set and Desmos will spit back the median. This is especially useful when the data given is not in chronological order (if it is, it’d be much quicker to find the median by hand).</p><p id="""">‍</p><p id="""">\[45, 87, 22, 94, 102, 64, 55\]</p><p id="""">‍</p><p id=""""><em id="""">What is the median of the data set above?</em></p><p id="""">‍</p><div data-rt-embed-type='true'><iframe src='https://www.desmos.com/calculator/sxkohhgksf' width='100%' height='400'></iframe></div><p id="""">‍</p><p id="""">The median of the data set above is 64.</p><p id="""">‍</p><p id="""">‍</p><h4 id="""">[fs-toc-h2]Percentages</h4><p id="""">‍</p><h5 id="""">[fs-toc-h3]Percentage Function</h5><p id="""">‍</p><p id="""">The percentage function is quite handy and can save you a couple of seconds. You can figure out the percent of anything by simply typing it out. Refer to the example below.</p><p id="""">‍</p><p id=""""><em id="""">60% of Mrs. Taylor's class hates vegetables. If there are 30 students in her class, how many students DON’T hate vegetables?</em></p><p id="""">‍</p><p id="""">A) 12 </p><p id="""">B) 18 </p><p id="""">C) 14 </p><p id="""">D) 10</p><p id="""">‍</p><p id="""">Since 60% of students hate vegetables, then we can assume that 40% of students don’t hate vegetables. So, 40% of 30 students will be the number of students who don’t hate vegetables. This can be typed out into Desmos within seconds.</p><p id="""">‍</p><div data-rt-embed-type='true'><iframe src='https://www.desmos.com/calculator/a8hzketrd7' width='100%' height='400'></iframe></div><p id="""">‍</p><p id="""">Making the answer to the problem<strong id=""""> choice A.</strong></p><p id="""">‍</p><p id="""">In other cases, instead of being given a percentage and a ‘whole’, you’ll be given a percentage and a part, and you’ll be tasked to find the whole.</p><p id="""">‍</p><p id=""""><em id="""">12% of Juniors at Center Point High School join the National Honors Society. If 21 juniors are members of the National Honors Society, how many juniors are enrolled at Center Point High School</em></p><p id="""">‍</p><p id="""">This question is basically telling us that 12 percent of the whole (all juniors) is equal to 21. This can be written mathematically as \(12\% \cdot w = 21\). While you can solve this algebraically, Desmos also provides a way to solve this using a regression.</p><p id="""">‍</p><div data-rt-embed-type='true'><iframe src='https://www.desmos.com/calculator/lrxjrohrhf' width='100%' height='400'></iframe></div><p id="""">‍</p><p id="""">This tells us that the whole \(w\) is equal to 175, or that there are<strong id=""""> 175 juniors enrolled</strong>.</p><p id="""">‍</p><p id="""">‍</p><h4 id="""">[fs-toc-h2]Circles</h4><p id="""">‍</p><h5 id="""">[fs-toc-h3]Finding the Center</h5><p id="""">‍</p><p id="""">While this method does require you to do some algebra, it can still save you quite a bit of time. On the test, you may be given a circle in non-standard form. This means that the center and radius don't show up in the equation directly as a constant. While you could convert your equation to standard form and find them that way, using Desmos may prove to be quicker and easier.</p><p id="""">‍</p><p id="""">\[x^2 + y^2 - 6x + 8y = -9\]</p><p id="""">‍</p><p id=""""><em id="""">The equation of a circle is shown above. What is the \(y\)-value of the center of the circle?</em></p><p id="""">‍</p><p id="""">Currently, there is no direct function to find the center and radius of a circle, but Desmos does highlight a few important points for us that we can use. Refer to the graph below.</p><p id="""">‍</p><div data-rt-embed-type='true'><iframe src='https://www.desmos.com/calculator/kxhagjaryd' width='100%' height='400'></iframe></div><p id="""">‍</p><p id="""">If you click on the circle, Desmos will highlight the very top and bottom points of the circle. In this case, these points are (3 , 0) and (3, -8). The \(x\)-value of the center will be the given \(x\)-value of these two points. So, the \(x\)-value of the center is going to be <strong id="""">3</strong>.</p><p id="""">‍</p><p id="""">The \(y\)-value of the center is going to be in between the two \(y\)-values given in the points. In other words, it will be the average between the \(y\)-value of the lowest and highest point of the circle.</p><p id="""">‍</p><p id="""">\[0 + (-8) / 2 = y\]</p><p id="""">\[y = -4\]</p><p id="""">‍</p><p id="""">Making the center of this circle <strong id="""">(3, -4)</strong>, and the answer to this question<strong id=""""> -4</strong>. You can verify by inputting the point into Desmos and seeing if it truly lies in the center.</p><p id="""">‍</p><div data-rt-embed-type='true'><iframe src='https://www.desmos.com/calculator/wanec6x5zx' width='100%' height='400'></iframe></div><p id="""">‍</p><h5 id="""">[fs-toc-h3]Finding the Radius</h5><p id="""">‍</p><p id="""">\[x^2 + y^2 - 6x + 8y = -9\]</p><p id="""">‍</p><p id=""""><em id="""">The equation of a circle is shown above. What is the radius of the circle?</em></p><p id="""">‍</p><p id="""">We’ll use the same equation here for finding the radius. The distance between the highest point and lowest point of a circle will be a diameter (double the radius). Finding the diameter then dividing that number by 2 will give us our radius.</p><p id="""">‍</p><p id="""">In order to find the diameter, subtract the \(y\)-values of the highest and lowest points from each other or use the distance function.</p><p id="""">‍</p><div data-rt-embed-type='true'><iframe src='https://www.desmos.com/calculator/layisjlznz' width='100%' height='400'></iframe></div><p id="""">‍</p><p id="""">The diameter in this case is 8 units, meaning the radius is 4.</p><p id="""">‍</p><p id="""">‍</p><h4 id="""">[fs-toc-h2]Final Message</h4><p id="""">‍</p><p id="""">Desmos is NOT an excuse to not learn the mathematical concepts of each unit. It is simply a tool that can save you some time and effort. Not understanding how to do each of the equations algebraically will make it harder to be able to use Desmos as efficiently as possible, as memorizing every single function we went over without understanding what it's doing behind the scenes will prove to be quite challenging.</p><p id="""">‍</p><p id="""">Don’t necessarily feel that you are required to use Desmos. Over half of the things we went over can be done just as quickly by hand, and if you are already familiar with those methods it can sometimes be even quicker. Don't force yourself to memorize how to do things with Desmos if you can do it just as quickly and easily algebraically.</p><p id="""">‍</p><p id="""">Always remember: practice, practice, practice. It's impossible to remember everything we just went over by reading this course once. Every practice test and practice problem you do, make sure to have Desmos open to the side. Practicing using your graphing calculator is sometimes just as important as practicing the unit itself. If you don't practice using Desmos, you won't be efficient at using Desmos.</p><h4 id="""">‍</h4>",,,,,,,"<?xml version=""1.0"" encoding=""UTF-8""?> <svg id=""Desmos_Logo"" xmlns=""http://www.w3.org/2000/svg"" viewBox=""0 0 202 202""> <g id=""Icon""> <defs> <style> .cls-1 { fill: currentColor; } </style> </defs> <path class = ""cls-1"" d=""M98.84,160.54c-18.24,0-29.71-15.7-35.98-24l10.12-10.21c2.72,3.41,12.91,19.15,25.95,19.15,3.66,0,7.55-1.24,11.57-4.35,0,0,7.72,6.76,11.82,8.84,0,0-7.68,10.51-23.38,10.57-.04,0-.08,0-.11,0M189.38,115.47h-.03c-13.68.03-30.18,34.24-52.47,34.24s-38.06-34.08-52.59-34.08c-15.82,0-30,34.08-52.59,34.08-12.1,0-21.63-8.95-31.71-18.61v26.84c0,24.33,19.73,44.06,44.06,44.06h113.88c24.33,0,44.06-19.73,44.06-44.06v-36.58c-2.07-2.01-6.83-5.89-12.62-5.89M157.94,0H44.06c-6.33,0-12.34,1.33-17.78,3.73,6.87,24.96,22.83,80.11,35.39,102-3.79,3.73-7.15,6.8-11.03,10.62C39.9,100.04,20.83,38.14,13.21,12.6,5.06,20.6,0,31.74,0,44.06v66.39c11.62,9.44,21.08,24.03,31.62,24.03.03,0,.06,0,.09,0,14.79-.11,28.65-33.47,52.59-33.47s35.18,33.29,52.35,33.29,28.97-33.29,52.35-33.29c5.72,0,10.21,1.73,13,3.21v-60.15c0-14.35-6.87-27.11-17.49-35.15-7.37,30.04-24.31,87.99-46.39,121.9-8.34-1.94-12.85-7.49-12.85-7.49,22.8-34.38,43.62-110.4,46.49-121.12-4.34-1.43-8.99-2.21-13.81-2.21""/> </g> </svg>"
Where and How to Start,where-and-how-to-start,66a8d92543c8200d9c2a1885,6683ff9ee7b6a46f898ebe86,66a8d9825a1786a8d298f336,false,false,Tue Jul 30 2024 12:16:02 GMT+0000 (Coordinated Universal Time),Sun Aug 11 2024 23:18:36 GMT+0000 (Coordinated Universal Time),Sun Aug 11 2024 23:18:51 GMT+0000 (Coordinated Universal Time),1,,"<h4 id="""">[fs-toc-h2]Context</h4><p id="""">‍</p><p id="""">When I started preparing for the SAT, my goal was simple: score 1500+ without spending a dime. My first attempt landed me at 1100, so I needed to improve by 400 points using only free resources. After months of intense studying, I managed to reach a score of 1430—all for free. But it still wasn't enough for me.</p><p id="""">‍</p><p id="""">Frustrated by the slow progress, I decided to purchase some of the most praised SAT resources online. While I finally achieved the score I had been chasing for almost a year, I was upset. The information to get a good score was out there for free, but I lacked an efficient plan to use it all. This is a struggle many students face: <em id="""">“Where do I start?”,</em> <em id="""">“What are the best resources?”,</em> “<em id="""">How do I get to my target score?”</em></p><p id="""">‍</p><p id="""">That’s why we created PrepGuide. We have no interest in competing with other free resources like Khan Academy; instead, we aim to make them more comprehensive. Our goal is to give you a plan that combines the best free online resources to help you reach your goal.</p><p id="""">‍</p><p id="""">‍</p><h4 id="""">[fs-toc-h2]Understanding SAT Prep</h4><p id="""">‍</p><p id="""">The SAT math section is not a game or an IQ test—it's just another math test. Many students get hung up on watching videos that teach “the TOP 10 most IMPORTANT formulas for the SAT” or “TIPS and TRICKS to get a perfect 800.” However, none of this matters if you don't understand the fundamental mathematics being tested.</p><p id="""">‍</p><p id="""">The math section is divided into four main areas: <em id="""">Algebra</em>, <em id="""">Advanced Math</em>, <em id="""">Problem Solving </em>and <em id="""">Data Analysis</em>, and <em id="""">Geometry and Trigonometr</em>y. Each of these is further broken down into more specific units, as outlined on our homepage. To score 750+ on the math section, you must master each of these individual units.</p><p id="""">‍</p><p id="""">‍</p><h4 id="""">[fs-toc-h2]How to Prepare for the Test</h4><p id="""">‍</p><p id="""">Anyone who's successfully prepared for the SAT will tell you to take an official SAT practice test before doing anything else. Taking a practice test gives you a starting point, highlighting the topics you're already familiar with and those you struggle with.</p><p id="""">‍</p><p id="""">Download the bluebook app by the college board to take your first practice test. You can look at the results when you've finished the test.</p><p id="""">‍</p><p id="""">Once you’ve identified your weak areas, you can move on to each unit.</p><p id="""">‍</p><p id="""">‍</p><h4 id="""">[fs-toc-h2]Mastering the Topics</h4><p id="""">‍</p><p id="""">Each topic on PrepGuide includes a full lesson, 2-4 videos, and a set of practice problems. While just going through the lesson or watching one video might be enough for some, we want to give you as many options as possible if one approach doesn't “click.”</p><p id="""">‍</p><p id="""">We recommend thoroughly reviewing all lesson resources first. If you're struggling with a specific subtopic, check out one of the videos listed below the lesson, do a quick Google search, do the Khan Academy lesson, or ask a question on r/SAT. What's important is that you don’t skip something just because it’s challenging.</p><p id="""">‍</p><p id="""">After reviewing the lesson, move on to the practice problems. You might find it helpful to do half of the problems first, check your answers, and then complete the rest. This approach helps you catch mistakes early on.</p><p id="""">‍</p><p id="""">Remember, completing a topic once doesn’t mean you’ve mastered it. The SAT tests a lot of math in tricky ways, so don't get discouraged if you struggle with the same topic on your next practice tests. Mastery comes with practice and repetition.</p><p id="""">‍</p><p id="""">‍</p><h4 id="""">[fs-toc-h2]Using the Practice Tests</h4><p id="""">‍</p><p id="""">As of now, the College Board has released six official SAT practice tests on Bluebook. Since there aren’t many, you have to use them wisely.</p><p id="""">‍</p><p id="""">Practice tests serve two main purposes: testing your knowledge and practicing pattern recognition.</p><p id="""">‍</p><p id="""">When you're starting out, limit the number of tests you take to ‘save them for later.’ If there are still gaps in your learning, there's little reason to take another practice test until you've addressed them. Once you have a grip on the basics, take another test to see where you still need improvement.</p><p id="""">‍</p><p id="""">At some point, you might understand the math in the problems you're getting wrong, but still can’t get them right. This can be incredibly frustrating and might make you question whether your goal is achievable (it is). This is where you need to analyze each question you get wrong.</p><p id="""">‍</p><p id="""">By analyzing, I mean doing a deep dive into the problem. When you get a problem wrong, try to solve it again without any outside help. If you’re still struggling, take a peek at the answer. Whether or not you get the correct answer, it’s highly recommended to watch a test walkthrough. Seeing an experienced tester go through the problem step by step can help you understand the question, the topic it tests, and why you got it wrong in the first place.</p><p id="""">‍</p><p id="""">Once you reach higher scores, it’s not just about understanding the math, but also about recognizing the patterns the College Board uses to test different topics. This is when you should start taking practice tests every other week to reinforce pattern recognition.</p><p id="""">‍</p><p id="""">‍</p><h4 id="""">[fs-toc-h2]Using Other Resources with PrepGuide</h4><p id="""">‍</p><p id="""">While having a math prep book isn't necessary, it can be helpful by providing different teaching methods and additional practice. If you already have a prep book, you can use it alongside PrepGuide and other online resources. This can offer different strategies for solving problems.</p><p id="""">‍</p><p id="""">If you're having trouble mastering a unit using a book, take a look at the FreeDu lesson. If that’s not enough, watch the linked videos and work through the practice problems. Mastery doesn’t usually come from just a couple of days of studying—it takes time, effort, and resources from various places.</p><p id="""">‍</p><p id="""">‍</p><h4 id="""">[fs-toc-h2]Getting Free Tutoring</h4><p id="""">‍</p><p id="""">Private tutoring is expensive and often inaccessible for most people. However, it’s now possible to get 100% free, quality tutoring online through <a href=""https://schoolhouse.world/"" target=""_blank"" id="""">schoolhouse.world</a>.</p><p id="""">‍</p><p id="""">Schoolhouse offers group tutoring for both SAT math and reading. Hundreds of tutors on this site teach classes tailored to different needs: some offer full math test series, while others focus on one or two topics. Unlike watching traditional YouTube videos, group tutoring allows you to ask questions and get immediate answers, which can help clear up any confusion.</p><p id="""">‍</p><p id="""">If you need even more clarification on a specific question, Schoolhouse has channels where you can post problems and request either written answers or a Zoom meeting with a certified tutor.</p>",,,,,,,"<svg xmlns=""http://www.w3.org/2000/svg"" xmlns:xlink=""http://www.w3.org/1999/xlink"" aria-hidden=""true"" role=""img"" class=""iconify iconify--ic"" width=""100%"" height=""100%"" preserveAspectRatio=""xMidYMid meet"" viewBox=""0 0 24 24""><path fill=""currentColor"" d=""M12 2c-4.2 0-8 3.22-8 8.2c0 3.18 2.45 6.92 7.34 11.23c.38.33.95.33 1.33 0C17.55 17.12 20 13.38 20 10.2C20 5.22 16.2 2 12 2m0 10c-1.1 0-2-.9-2-2s.9-2 2-2s2 .9 2 2s-.9 2-2 2""></path></svg>"
